--
-- PostgreSQL database dump
--

-- Dumped from database version 9.2.3
-- Dumped by pg_dump version 9.2.3
-- Started on 2013-07-24 14:55:37 BST

SET statement_timeout = 0;
SET client_encoding = 'UTF8';
SET standard_conforming_strings = on;
SET check_function_bodies = false;
SET client_min_messages = warning;

SET search_path = i2b2pm, pg_catalog;

--
-- TOC entry 3858 (class 0 OID 33061)
-- Dependencies: 393
-- Data for Name: pm_cell_data; Type: TABLE DATA; Schema: i2b2pm; Owner: i2b2pm
--

COPY pm_cell_data (cell_id, project_path, name, method_cd, url, can_override, change_date, entry_date, changeby_char, status_cd) FROM stdin;
CRC	/	Data Repository	REST	http://localhost:9090/i2b2/rest/QueryToolService/	1	\N	\N	\N	A
FRC	/	File Repository 	SOAP	http://localhost:9090/i2b2/services/FRService/	1	\N	\N	\N	A
ONT	/	Ontology Cell	REST	http://localhost:9090/i2b2/rest/OntologyService/	1	\N	\N	\N	A
WORK	/	Workplace Cell	REST	http://localhost:9090/i2b2/rest/WorkplaceService/	1	\N	\N	\N	A
\.


--
-- TOC entry 3860 (class 0 OID 33069)
-- Dependencies: 395
-- Data for Name: pm_cell_params; Type: TABLE DATA; Schema: i2b2pm; Owner: i2b2pm
--

COPY pm_cell_params (id, datatype_cd, cell_id, project_path, param_name_cd, value, can_override, change_date, entry_date, changeby_char, status_cd) FROM stdin;
\.


--
-- TOC entry 3861 (class 0 OID 33076)
-- Dependencies: 396
-- Data for Name: pm_global_params; Type: TABLE DATA; Schema: i2b2pm; Owner: i2b2pm
--

COPY pm_global_params (id, datatype_cd, param_name_cd, project_path, value, can_override, change_date, entry_date, changeby_char, status_cd) FROM stdin;
\.


--
-- TOC entry 3862 (class 0 OID 33083)
-- Dependencies: 397
-- Data for Name: pm_hive_data; Type: TABLE DATA; Schema: i2b2pm; Owner: i2b2pm
--

COPY pm_hive_data (domain_id, helpurl, domain_name, environment_cd, active, change_date, entry_date, changeby_char, status_cd) FROM stdin;
i2b2	http://www.i2b2.org	i2b2demo	DEVELOPMENT	1	\N	\N	\N	A
\.


--
-- TOC entry 3863 (class 0 OID 33089)
-- Dependencies: 398
-- Data for Name: pm_hive_params; Type: TABLE DATA; Schema: i2b2pm; Owner: i2b2pm
--

COPY pm_hive_params (id, datatype_cd, domain_id, param_name_cd, value, change_date, entry_date, changeby_char, status_cd) FROM stdin;
\.


--
-- TOC entry 3876 (class 0 OID 0)
-- Dependencies: 394
-- Name: pm_params; Type: SEQUENCE SET; Schema: i2b2pm; Owner: i2b2pm
--

SELECT pg_catalog.setval('pm_params', 1, false);


--
-- TOC entry 3864 (class 0 OID 33096)
-- Dependencies: 399
-- Data for Name: pm_project_data; Type: TABLE DATA; Schema: i2b2pm; Owner: i2b2pm
--

COPY pm_project_data (project_id, project_name, project_wiki, project_key, project_path, project_description, change_date, entry_date, changeby_char, status_cd) FROM stdin;
Demo	i2b2 Demo	http://www.i2b2.org	\N	/Demo	\N	\N	\N	\N	A
\.


--
-- TOC entry 3865 (class 0 OID 33102)
-- Dependencies: 400
-- Data for Name: pm_project_params; Type: TABLE DATA; Schema: i2b2pm; Owner: i2b2pm
--

COPY pm_project_params (id, datatype_cd, project_id, param_name_cd, value, change_date, entry_date, changeby_char, status_cd) FROM stdin;
\.


--
-- TOC entry 3866 (class 0 OID 33109)
-- Dependencies: 401
-- Data for Name: pm_project_user_params; Type: TABLE DATA; Schema: i2b2pm; Owner: i2b2pm
--

COPY pm_project_user_params (id, datatype_cd, project_id, user_id, param_name_cd, value, change_date, entry_date, changeby_char, status_cd) FROM stdin;
\.


--
-- TOC entry 3867 (class 0 OID 33116)
-- Dependencies: 402
-- Data for Name: pm_project_user_roles; Type: TABLE DATA; Schema: i2b2pm; Owner: i2b2pm
--

COPY pm_project_user_roles (project_id, user_id, user_role_cd, change_date, entry_date, changeby_char, status_cd) FROM stdin;
Demo	OBFSC_SERVICE_ACCOUNT	USER	\N	\N	\N	A
Demo	OBFSC_SERVICE_ACCOUNT	DATA_OBFSC	\N	\N	\N	A
Demo	i2b2	ADMIN	\N	\N	\N	A
Demo	i2b2	MANAGER	\N	\N	\N	A
Demo	i2b2	USER	\N	\N	\N	A
Demo	i2b2	DATA_OBFSC	\N	\N	\N	A
Demo	i2b2	DATA_AGG	\N	\N	\N	A
Demo	i2b2	DATA_LDS	\N	\N	\N	A
Demo	i2b2	DATA_DEID	\N	\N	\N	A
Demo	i2b2	DATA_PROT	\N	\N	\N	A
Demo	i2b2	EDITOR	\N	\N	\N	A
Demo	demo	USER	\N	\N	\N	A
Demo	demo	DATA_DEID	\N	\N	\N	A
Demo	demo	DATA_OBFSC	\N	\N	\N	A
Demo	demo	DATA_AGG	\N	\N	\N	A
Demo	demo	DATA_LDS	\N	\N	\N	A
Demo	demo	EDITOR	\N	\N	\N	A
Demo2	OBFSC_SERVICE_ACCOUNT	USER	\N	\N	\N	A
Demo2	OBFSC_SERVICE_ACCOUNT	DATA_OBFSC	\N	\N	\N	A
Demo2	i2b2	ADMIN	\N	\N	\N	A
Demo2	i2b2	MANAGER	\N	\N	\N	A
Demo2	i2b2	USER	\N	\N	\N	A
Demo2	i2b2	DATA_OBFSC	\N	\N	\N	A
Demo2	demo	USER	\N	\N	\N	A
Demo2	demo	DATA_DEID	\N	\N	\N	A
Demo2	demo	DATA_OBFSC	\N	\N	\N	A
Demo2	demo	DATA_AGG	\N	\N	\N	A
Demo2	demo	DATA_LDS	\N	\N	\N	A
Demo2	demo	EDITOR	\N	\N	\N	A
\.


--
-- TOC entry 3868 (class 0 OID 33119)
-- Dependencies: 403
-- Data for Name: pm_role_requirement; Type: TABLE DATA; Schema: i2b2pm; Owner: i2b2pm
--

COPY pm_role_requirement (table_cd, column_cd, read_hivemgmt_cd, write_hivemgmt_cd, name_char, change_date, entry_date, changeby_char, status_cd) FROM stdin;
PM_HIVE_DATA	@	@	ADMIN	\N	\N	\N	\N	A
PM_HIVE_PARAMS	@	@	ADMIN	\N	\N	\N	\N	A
PM_PROJECT_DATA	@	@	MANAGER	\N	\N	\N	\N	A
PM_PROJECT_USER_ROLES	@	@	MANAGER	\N	\N	\N	\N	A
PM_USER_DATA	@	@	ADMIN	\N	\N	\N	\N	A
PM_PROJECT_PARAMS	@	@	MANAGER	\N	\N	\N	\N	A
PM_PROJECT_USER_PARAMS	@	@	MANAGER	\N	\N	\N	\N	A
PM_USER_PARAMS	@	@	ADMIN	\N	\N	\N	\N	A
PM_CELL_DATA	@	@	MANAGER	\N	\N	\N	\N	A
PM_CELL_PARAMS	@	@	MANAGER	\N	\N	\N	\N	A
PM_GLOBAL_PARAMS	@	@	ADMIN	\N	\N	\N	\N	A
\.


--
-- TOC entry 3869 (class 0 OID 33125)
-- Dependencies: 404
-- Data for Name: pm_user_data; Type: TABLE DATA; Schema: i2b2pm; Owner: i2b2pm
--

COPY pm_user_data (user_id, full_name, password, email, project_path, change_date, entry_date, changeby_char, status_cd) FROM stdin;
i2b2	i2b2 Admin	9117d59a69dc49807671a51f10ab7f	\N	\N	\N	\N	\N	A
demo	i2b2 User	9117d59a69dc49807671a51f10ab7f	\N	\N	\N	\N	\N	A
OBFSC_SERVICE_ACCOUNT	OBFSC_SERVICE_ACCOUNT	9117d59a69dc49807671a51f10ab7f	\N	\N	\N	\N	\N	A
\.


--
-- TOC entry 3870 (class 0 OID 33131)
-- Dependencies: 405
-- Data for Name: pm_user_params; Type: TABLE DATA; Schema: i2b2pm; Owner: i2b2pm
--

COPY pm_user_params (id, datatype_cd, user_id, param_name_cd, value, change_date, entry_date, changeby_char, status_cd) FROM stdin;
\.


--
-- TOC entry 3871 (class 0 OID 33138)
-- Dependencies: 406
-- Data for Name: pm_user_session; Type: TABLE DATA; Schema: i2b2pm; Owner: i2b2pm
--

COPY pm_user_session (user_id, session_id, expired_date, change_date, entry_date, changeby_char, status_cd) FROM stdin;
i2b2	3T1k5jKrFr55tRE33uNQ	2013-03-20 18:02:37.354	\N	2013-03-20 17:32:37.354	i2b2	\N
i2b2	F8MMUb1odeC6c36nznts	2013-03-20 18:02:45.851	\N	2013-03-20 17:32:45.851	i2b2	\N
i2b2	UlELqUC8l8HW8X6frZjV	2013-03-20 18:02:49.939	\N	2013-03-20 17:32:49.939	i2b2	\N
i2b2	cWT7btHfpzjZjDAKYKDM	2013-03-20 18:03:00.599	\N	2013-03-20 17:33:00.599	i2b2	\N
i2b2	AI40UGxWOdXXKO48iE6v	2013-03-20 18:03:19.023	\N	2013-03-20 17:33:19.023	i2b2	\N
i2b2	nhABFmnYUxMpQD7KXRrr	2013-03-20 18:03:20.982	\N	2013-03-20 17:33:20.982	i2b2	\N
i2b2	maCoQ45FbdGdtse9E6W5	2013-03-20 18:07:13.818	\N	2013-03-20 17:37:13.818	i2b2	\N
i2b2	A8ZtcDDONYpGAKxUjaxw	2013-03-20 18:07:20.454	\N	2013-03-20 17:37:20.454	i2b2	\N
i2b2	BJ8pVRqmoxcwSHUgYhOp	2013-03-20 18:07:22.544	\N	2013-03-20 17:37:22.544	i2b2	\N
i2b2	B3CSPuNVHjMDQFpLBrVC	2013-03-20 18:07:24.371	\N	2013-03-20 17:37:24.371	i2b2	\N
i2b2	22YajcpnOncnZW9Ex3jN	2013-03-20 18:08:09.092	\N	2013-03-20 17:38:09.092	i2b2	\N
i2b2	usKnd7HecMi3yfZquaAK	2013-03-20 18:08:19.367	\N	2013-03-20 17:38:19.367	i2b2	\N
i2b2	pDMX9jY3vIVY1niznXNs	2013-03-20 18:08:26.054	\N	2013-03-20 17:38:26.054	i2b2	\N
i2b2	Pav6KK2ClqyUSJmgrNXp	2013-03-20 18:09:01.935	\N	2013-03-20 17:39:01.935	i2b2	\N
i2b2	YyO243Z5rK8wBBBoAqiU	2013-03-20 18:31:36.032	\N	2013-03-20 18:01:36.032	i2b2	\N
i2b2	6wB5phGxxuJNRTnOipD7	2013-03-20 18:31:40.779	\N	2013-03-20 18:01:40.779	i2b2	\N
i2b2	VqRJSW8SuJeK4IOV9VDi	2013-03-20 18:31:50.202	\N	2013-03-20 18:01:50.202	i2b2	\N
i2b2	LN4WnpgNlj6abSpko4Pp	2013-03-20 18:33:24.925	\N	2013-03-20 18:03:24.925	i2b2	\N
i2b2	YhnawL3AVQI9O1TAmfFU	2013-03-20 18:33:26.5	\N	2013-03-20 18:03:26.5	i2b2	\N
i2b2	E8ctdL8cy3fsM4kOwo3B	2013-03-20 18:34:11.673	\N	2013-03-20 18:04:11.674	i2b2	\N
i2b2	rOJgTCiBIC3tlBgdeUQb	2013-03-20 18:34:16.521	\N	2013-03-20 18:04:16.521	i2b2	\N
i2b2	3oRn2y4NTr0kxI9FM3KK	2013-03-20 18:34:18.887	\N	2013-03-20 18:04:18.887	i2b2	\N
i2b2	i4qhKU7kUG7AbBSHu6Ub	2013-03-20 18:34:20.156	\N	2013-03-20 18:04:20.156	i2b2	\N
i2b2	xGeh9Bb8qVbZjsxrc2g2	2013-03-20 18:34:21.459	\N	2013-03-20 18:04:21.46	i2b2	\N
i2b2	E1NkBTO7Rk2tgMhJkVYw	2013-03-20 18:36:02.508	\N	2013-03-20 18:06:02.508	i2b2	\N
i2b2	FHCUi5LNfkkQi52Jfpia	2013-03-20 18:36:22.72	\N	2013-03-20 18:06:22.72	i2b2	\N
i2b2	My72b1Ujj63UyPUqarQr	2013-03-20 18:36:48.915	\N	2013-03-20 18:06:48.915	i2b2	\N
i2b2	4YrBCso8Tu8p5sKMOtxw	2013-03-20 18:37:21.512	\N	2013-03-20 18:07:21.512	i2b2	\N
i2b2	ch4NZQDrxEhr3tSZj65X	2013-03-20 18:37:26.226	\N	2013-03-20 18:07:26.226	i2b2	\N
i2b2	EFWMGP9c6pA8T76bvDlG	2013-03-21 09:41:42.147	\N	2013-03-21 09:11:42.147	i2b2	\N
i2b2	t5ugH205WdVJyR04S5MD	2013-03-21 09:42:04.236	\N	2013-03-21 09:12:04.236	i2b2	\N
i2b2	2JZ3T1w2sCP4FaNOxSYV	2013-03-21 09:47:18.266	\N	2013-03-21 09:17:18.266	i2b2	\N
i2b2	8aTOxddvrJNRTTcpQAn7	2013-03-21 09:48:32.44	\N	2013-03-21 09:18:32.44	i2b2	\N
i2b2	gFa1u2VqaLGKLZihjRQt	2013-03-21 09:49:04.184	\N	2013-03-21 09:19:04.184	i2b2	\N
i2b2	WHpA1CZ4PEdnZ6E8h9je	2013-03-21 09:50:57.278	\N	2013-03-21 09:20:57.278	i2b2	\N
i2b2	yoZtQcXqOCVGivuIP0bl	2013-03-21 09:51:07.063	\N	2013-03-21 09:21:07.063	i2b2	\N
i2b2	E5TVABar9g0KG7urZYdu	2013-03-21 09:51:08.871	\N	2013-03-21 09:21:08.871	i2b2	\N
i2b2	AAZuIwzusLVvTcCvGTNv	2013-03-21 09:51:10.044	\N	2013-03-21 09:21:10.044	i2b2	\N
i2b2	6SnTGGd9OvXwkN2eVNRT	2013-03-21 09:52:00.348	\N	2013-03-21 09:22:00.348	i2b2	\N
i2b2	14vnEG8T2GMQiIVStbws	2013-03-21 09:52:04.37	\N	2013-03-21 09:22:04.37	i2b2	\N
i2b2	kdSUnlVtqap4wsPMdiNI	2013-03-21 09:55:02.409	\N	2013-03-21 09:25:02.409	i2b2	\N
i2b2	MGibVIg8vPu0Tg07Z4W2	2013-03-21 09:55:10.691	\N	2013-03-21 09:25:10.691	i2b2	\N
i2b2	LBZupZZNLlYuazwxSEFC	2013-03-21 09:55:16.911	\N	2013-03-21 09:25:16.911	i2b2	\N
i2b2	qAemfBGGi12IabC7YrYA	2013-03-21 09:55:23.67	\N	2013-03-21 09:25:23.67	i2b2	\N
i2b2	22o4jIObqnrNsq9wYyUs	2013-03-21 09:55:26.734	\N	2013-03-21 09:25:26.734	i2b2	\N
i2b2	k9wkfkr0NafQCsmoqND9	2013-03-21 09:55:30.265	\N	2013-03-21 09:25:30.265	i2b2	\N
i2b2	BlmqGXmYHrhKKfkXzRoo	2013-03-21 09:56:29.024	\N	2013-03-21 09:26:29.024	i2b2	\N
i2b2	CAcfo3TvCgb9c3aRKuQu	2013-03-21 10:01:52.763	\N	2013-03-21 09:31:52.763	i2b2	\N
i2b2	hGjgajjGI7X2MoJqW0h9	2013-03-21 10:01:58.909	\N	2013-03-21 09:31:58.909	i2b2	\N
i2b2	chupvVdT2BfV7Fjyp6Iv	2013-03-21 10:02:00.574	\N	2013-03-21 09:32:00.574	i2b2	\N
i2b2	jyuFC9jl9GTHHEMvxIIL	2013-03-21 10:05:45.683	\N	2013-03-21 09:35:45.683	i2b2	\N
i2b2	boeWAO41UCxNscanmsiF	2013-03-21 10:05:47.729	\N	2013-03-21 09:35:47.729	i2b2	\N
i2b2	ND3VqDcjjS5uq8pqkVCe	2013-03-21 10:05:49.931	\N	2013-03-21 09:35:49.931	i2b2	\N
i2b2	NTVzyQMHHekdEOmQvkI1	2013-03-21 10:06:39.265	\N	2013-03-21 09:36:39.265	i2b2	\N
i2b2	yGoQtCGRNJsTLL3DaHBP	2013-03-21 10:06:57.596	\N	2013-03-21 09:36:57.596	i2b2	\N
i2b2	TaJ8fLnS7Ks5wqqc7z5K	2013-03-21 10:23:57.439	\N	2013-03-21 09:53:57.439	i2b2	\N
i2b2	28qrKYSn4w2pyJDYf5ig	2013-03-21 10:32:37.615	\N	2013-03-21 10:02:37.615	i2b2	\N
i2b2	g1aaWPArczfs2I3gIRCj	2013-03-21 10:32:51.162	\N	2013-03-21 10:02:51.162	i2b2	\N
i2b2	Q7ltIHYMBIqL81pW3nUa	2013-03-21 10:32:53.326	\N	2013-03-21 10:02:53.326	i2b2	\N
i2b2	YW44FrolhF76bVmayJtY	2013-03-21 10:32:57.641	\N	2013-03-21 10:02:57.641	i2b2	\N
i2b2	UZ64AXYbDLinzJMtoENL	2013-03-21 10:33:34.571	\N	2013-03-21 10:03:34.571	i2b2	\N
i2b2	1i9VT1MkRYH3WmPFknuy	2013-03-21 10:34:02.683	\N	2013-03-21 10:04:02.683	i2b2	\N
i2b2	4o8M3aNpyfkqSL7XZa8X	2013-03-21 10:34:04.379	\N	2013-03-21 10:04:04.379	i2b2	\N
i2b2	nhzGBIvUUK3r3qpMSJaY	2013-03-21 10:34:07.912	\N	2013-03-21 10:04:07.912	i2b2	\N
i2b2	ictsIra2Xv4oHbkcTFrM	2013-03-21 10:34:09.333	\N	2013-03-21 10:04:09.333	i2b2	\N
i2b2	9oYVECWnkbxImhBlwHaZ	2013-03-21 10:34:11.089	\N	2013-03-21 10:04:11.089	i2b2	\N
i2b2	GIuL7LQHDjmYgcMKg0ZU	2013-03-21 10:34:24.661	\N	2013-03-21 10:04:24.661	i2b2	\N
i2b2	aQdqvNPhH0eY2gY8VN5q	2013-03-21 10:34:39.546	\N	2013-03-21 10:04:39.546	i2b2	\N
i2b2	8UXTa8hKqPmm1DSjVLdP	2013-03-21 10:34:41.386	\N	2013-03-21 10:04:41.386	i2b2	\N
i2b2	qEvbE2mMyRUJGIkarm3l	2013-03-21 10:34:43.627	\N	2013-03-21 10:04:43.627	i2b2	\N
i2b2	MYLrxP27WCX5RC1F2vwu	2013-03-21 10:34:44.938	\N	2013-03-21 10:04:44.938	i2b2	\N
i2b2	EdtMka7IMZIbWdLAlthu	2013-03-21 10:34:50.328	\N	2013-03-21 10:04:50.328	i2b2	\N
i2b2	3GncdOtFSoHTe5iyCdss	2013-03-21 10:34:56.116	\N	2013-03-21 10:04:56.116	i2b2	\N
i2b2	3mBELaIulCgLhu0wsODT	2013-03-21 10:34:57.13	\N	2013-03-21 10:04:57.13	i2b2	\N
i2b2	keGx8qxH7wXxECakUWQC	2013-03-21 10:35:03.518	\N	2013-03-21 10:05:03.518	i2b2	\N
i2b2	4YLEmzO7DDCH2ehVYJEP	2013-03-21 10:35:09.129	\N	2013-03-21 10:05:09.129	i2b2	\N
i2b2	9PEHyJ0Uh7kn1WrAWYQg	2013-03-21 10:35:24.409	\N	2013-03-21 10:05:24.409	i2b2	\N
i2b2	rlaSwANiMlUIs9LT3Zdo	2013-03-21 10:35:28.173	\N	2013-03-21 10:05:28.173	i2b2	\N
i2b2	4hRGJRx8UL0S6724bJ2L	2013-03-21 10:35:45.339	\N	2013-03-21 10:05:45.339	i2b2	\N
i2b2	T2v6JI4LdEMw5IXW9wvU	2013-03-21 10:35:47.237	\N	2013-03-21 10:05:47.237	i2b2	\N
i2b2	R3X5lYlNDnDYLl2NNUKY	2013-03-21 10:35:49.418	\N	2013-03-21 10:05:49.418	i2b2	\N
i2b2	AC7YwxPw2AxdLnbEtsfN	2013-03-21 10:36:01.236	\N	2013-03-21 10:06:01.237	i2b2	\N
i2b2	OXfnt87GYuRjBay9S2PV	2013-03-21 10:36:12.562	\N	2013-03-21 10:06:12.562	i2b2	\N
i2b2	e4WoPGZ1Oqdu55u85Y7a	2013-03-21 10:36:20.725	\N	2013-03-21 10:06:20.725	i2b2	\N
i2b2	gXy4nWyqTa8Lxr09swyC	2013-03-21 10:36:24.588	\N	2013-03-21 10:06:24.588	i2b2	\N
i2b2	5QXG31vOmymaPDR1x2N8	2013-03-21 10:36:26.531	\N	2013-03-21 10:06:26.531	i2b2	\N
i2b2	sEd19CKlm0PvN22DBTyr	2013-03-21 10:36:35.915	\N	2013-03-21 10:06:35.915	i2b2	\N
i2b2	hwB2X9EX4vNAiF6RnVqL	2013-03-21 10:36:38.288	\N	2013-03-21 10:06:38.288	i2b2	\N
i2b2	Hra2uCE9WKJe8bhbpDIn	2013-03-21 10:36:41.206	\N	2013-03-21 10:06:41.206	i2b2	\N
i2b2	xXa6l4M89U18oMCJqIqT	2013-03-21 10:36:46.139	\N	2013-03-21 10:06:46.139	i2b2	\N
i2b2	YufGKlRQtA4RjdCwoXJx	2013-03-21 10:36:50.18	\N	2013-03-21 10:06:50.18	i2b2	\N
i2b2	IL54ix2eYvDVX57FEOjN	2013-03-21 10:36:54.367	\N	2013-03-21 10:06:54.367	i2b2	\N
i2b2	O6OlcYm95Q4V4VEvdDnU	2013-03-21 10:38:13.121	\N	2013-03-21 10:08:13.121	i2b2	\N
i2b2	c33pNPRoRcl1XXQmIpAq	2013-03-21 10:38:17.901	\N	2013-03-21 10:08:17.901	i2b2	\N
i2b2	jbvx3X4rP4stVl18WbkD	2013-03-21 10:38:20.448	\N	2013-03-21 10:08:20.448	i2b2	\N
i2b2	VDwm5BOVEW8qhHIOmMgI	2013-03-21 10:38:21.204	\N	2013-03-21 10:08:21.204	i2b2	\N
i2b2	4RgIaJRO6k8BJJNJ1wHJ	2013-03-21 10:38:21.626	\N	2013-03-21 10:08:21.626	i2b2	\N
i2b2	BXEOXGKu5XBn4RbKod2R	2013-03-21 10:38:22.103	\N	2013-03-21 10:08:22.103	i2b2	\N
i2b2	jHrAdDBIPQnT6erXbu8I	2013-03-21 10:38:22.821	\N	2013-03-21 10:08:22.821	i2b2	\N
i2b2	T1eNf9vdh8VcPvM1UbxK	2013-03-21 10:38:23.452	\N	2013-03-21 10:08:23.452	i2b2	\N
i2b2	lbmIhcef6J2zyNaoIGxi	2013-03-21 10:38:23.916	\N	2013-03-21 10:08:23.916	i2b2	\N
i2b2	z9CHAQvePirED4TF9Uo1	2013-03-21 10:38:26.563	\N	2013-03-21 10:08:26.563	i2b2	\N
i2b2	Q0SndBMYBKtbYsleHtVO	2013-03-21 10:38:40.294	\N	2013-03-21 10:08:40.294	i2b2	\N
i2b2	XO6N885de18SexeMSqfg	2013-03-21 10:38:42.931	\N	2013-03-21 10:08:42.932	i2b2	\N
i2b2	E8tL7xDhy1BLOEBUZR2H	2013-03-21 10:38:44.542	\N	2013-03-21 10:08:44.542	i2b2	\N
i2b2	I7EyiGkA07dvRWDNbiMt	2013-03-21 10:38:49.345	\N	2013-03-21 10:08:49.345	i2b2	\N
i2b2	TtjsqtBZN03qukTEhe6g	2013-03-21 10:38:52.659	\N	2013-03-21 10:08:52.66	i2b2	\N
i2b2	TubcIn8MiQ4akyxxFllY	2013-03-21 10:38:59.079	\N	2013-03-21 10:08:59.079	i2b2	\N
i2b2	ftv3lD4cAwaUyyAjv4KZ	2013-03-21 10:39:00.691	\N	2013-03-21 10:09:00.691	i2b2	\N
i2b2	FfAJY3u8rqVOqcbeTdlZ	2013-03-21 10:39:01.468	\N	2013-03-21 10:09:01.468	i2b2	\N
i2b2	Lk4dQ9vLqbghaBSiBRAI	2013-03-21 10:39:02.278	\N	2013-03-21 10:09:02.278	i2b2	\N
i2b2	Yn11IvbS8WFsOziCHsvp	2013-03-21 10:39:16.648	\N	2013-03-21 10:09:16.648	i2b2	\N
i2b2	xR6deXtPYllhEfOctvgd	2013-03-21 10:39:19.652	\N	2013-03-21 10:09:19.652	i2b2	\N
i2b2	7ln1kIxn28soKiltEDy5	2013-03-21 10:40:07.998	\N	2013-03-21 10:10:07.998	i2b2	\N
i2b2	u4aYH3TBDq9VoNaG5U7J	2013-03-21 10:40:12.499	\N	2013-03-21 10:10:12.499	i2b2	\N
i2b2	bgkSJm1ylPdWsmCWRTno	2013-03-21 10:40:13.283	\N	2013-03-21 10:10:13.283	i2b2	\N
i2b2	febgYmwN8GD4eiJr4zFV	2013-03-21 10:40:14.747	\N	2013-03-21 10:10:14.747	i2b2	\N
i2b2	USslbjNvWwuSc6vY7CmH	2013-03-21 10:40:15.981	\N	2013-03-21 10:10:15.981	i2b2	\N
i2b2	jqvD67YxllCeoqXhSD75	2013-03-21 10:40:18.694	\N	2013-03-21 10:10:18.694	i2b2	\N
i2b2	8C7OjED9UE5VCoVYaGxk	2013-03-21 10:40:20.264	\N	2013-03-21 10:10:20.264	i2b2	\N
i2b2	p4hkMiOrRPh1LnWsBuOq	2013-03-21 10:40:21.438	\N	2013-03-21 10:10:21.438	i2b2	\N
i2b2	sscxGx1PStYRkGL5OO5j	2013-03-21 10:40:26.297	\N	2013-03-21 10:10:26.297	i2b2	\N
i2b2	gdXL9lh8nd9djD7XGYF5	2013-03-21 10:40:28.083	\N	2013-03-21 10:10:28.083	i2b2	\N
i2b2	ARm5bE9n6U6sPFm1mSK3	2013-03-21 10:40:47.997	\N	2013-03-21 10:10:47.997	i2b2	\N
i2b2	pT6noaY7qDd6yT7I4BhN	2013-03-21 10:45:12.984	\N	2013-03-21 10:15:12.984	i2b2	\N
i2b2	Jy6d5tY5HPUn40pJHbzF	2013-03-21 10:56:28.484	\N	2013-03-21 10:26:28.484	i2b2	\N
i2b2	ZOiv4HYSkupDJfNoWzRC	2013-03-21 10:56:34.022	\N	2013-03-21 10:26:34.022	i2b2	\N
i2b2	b6cfKV87wbQt4BgerUyl	2013-03-21 10:56:35.454	\N	2013-03-21 10:26:35.454	i2b2	\N
i2b2	ByxWSRgPY5kdXWXjJbC8	2013-03-21 10:56:54.657	\N	2013-03-21 10:26:54.657	i2b2	\N
i2b2	jSlIzoE0H8pjmTfQkZPU	2013-03-21 10:57:14.719	\N	2013-03-21 10:27:14.719	i2b2	\N
i2b2	q1Kq35rVEkUuHoyfKWgn	2013-03-21 10:57:32.799	\N	2013-03-21 10:27:32.799	i2b2	\N
i2b2	a5MYBuInCaHO2dwjn8Ei	2013-03-21 10:57:53.721	\N	2013-03-21 10:27:53.721	i2b2	\N
i2b2	byu9bMQmpPef35K1Q2yW	2013-03-21 10:58:00.393	\N	2013-03-21 10:28:00.393	i2b2	\N
i2b2	aY6QecB1GybIgFBAttnE	2013-03-21 10:58:03.931	\N	2013-03-21 10:28:03.931	i2b2	\N
i2b2	giLICWBFdWOagPWUnT9J	2013-03-21 10:58:04.965	\N	2013-03-21 10:28:04.965	i2b2	\N
i2b2	lRDDc5pPNeZIWqOUg9mN	2013-03-21 10:58:06.989	\N	2013-03-21 10:28:06.989	i2b2	\N
i2b2	8RuAqK9AkgsOkQzhGgoM	2013-03-21 10:59:01.025	\N	2013-03-21 10:29:01.025	i2b2	\N
i2b2	D3tpBVKA09RqyEGwWOfB	2013-03-21 11:01:24.557	\N	2013-03-21 10:31:24.557	i2b2	\N
i2b2	FhzvAk95qvrgnPIsQRiY	2013-03-21 11:01:30.027	\N	2013-03-21 10:31:30.027	i2b2	\N
i2b2	tTPoUHhlZfhUicpkS4u8	2013-03-21 11:01:32.4	\N	2013-03-21 10:31:32.4	i2b2	\N
i2b2	mbk1sJcyDQDjvLR7WmtT	2013-03-21 11:02:20.978	\N	2013-03-21 10:32:20.978	i2b2	\N
i2b2	Q8GPEBGahH606Ldg9lvu	2013-03-21 11:04:45.941	\N	2013-03-21 10:34:45.941	i2b2	\N
i2b2	e29uIPdOCWU9BH8mFSkf	2013-03-21 11:53:28.176	\N	2013-03-21 11:23:28.176	i2b2	\N
i2b2	9eVf7drDSKaYDoopbDDy	2013-03-21 11:58:24.479	\N	2013-03-21 11:28:24.479	i2b2	\N
i2b2	HK4RktZ9Cmw1sAP6TlWT	2013-03-21 12:08:06.628	\N	2013-03-21 11:38:06.628	i2b2	\N
i2b2	BwWnoejpdtHlSXA1XUIG	2013-03-21 12:26:13.944	\N	2013-03-21 11:56:13.944	i2b2	\N
i2b2	HCyF7Veyz32nE4aiqSFE	2013-03-21 13:18:08.237	\N	2013-03-21 12:48:08.237	i2b2	\N
i2b2	q18Q4lP5cLDWqC2qCepZ	2013-03-21 16:11:43.319	\N	2013-03-21 15:41:43.319	i2b2	\N
i2b2	BfR9F5bXv2W2vZoSkE5i	2013-03-21 16:11:55.025	\N	2013-03-21 15:41:55.025	i2b2	\N
i2b2	YCNTUYPkSBPyxV4YoYYb	2013-03-21 16:12:07.606	\N	2013-03-21 15:42:07.606	i2b2	\N
i2b2	Z3ap2qdXsOW7J9fu6Q5K	2013-03-21 16:14:52.605	\N	2013-03-21 15:44:52.605	i2b2	\N
i2b2	pwoHKMJ33hQrPw3hVs1N	2013-03-22 09:47:27.56	\N	2013-03-22 09:17:27.56	i2b2	\N
i2b2	anNwybobcaM8H1Q7g6XP	2013-03-22 09:47:37.668	\N	2013-03-22 09:17:37.668	i2b2	\N
i2b2	RgpU1EPZTk5NdmjhszCs	2013-03-22 09:47:39.107	\N	2013-03-22 09:17:39.108	i2b2	\N
i2b2	4GFBRB2a75mZTN42SyQ8	2013-03-22 09:47:41.72	\N	2013-03-22 09:17:41.72	i2b2	\N
i2b2	7EpfJGr46OEtUXeLj9j9	2013-03-22 13:14:49.608	\N	2013-03-22 12:44:49.608	i2b2	\N
i2b2	p3eM5CVggj2VdbKvdKEW	2013-03-22 13:15:13.552	\N	2013-03-22 12:45:13.552	i2b2	\N
i2b2	iYNHnkJDb95T5cUHHnER	2013-03-22 13:17:02.187	\N	2013-03-22 12:47:02.187	i2b2	\N
i2b2	5Kybu1e3ZPIa2FDR3CUj	2013-03-22 13:17:08.67	\N	2013-03-22 12:47:08.67	i2b2	\N
i2b2	kAPSjFxt1k7msvBM40hM	2013-03-22 13:22:35.065	\N	2013-03-22 12:52:35.065	i2b2	\N
i2b2	6OwccZLyTwpR0992K4Am	2013-03-22 13:22:47.459	\N	2013-03-22 12:52:47.459	i2b2	\N
i2b2	CHfQO31XEZ33Oqn0MxMH	2013-03-22 13:22:49.707	\N	2013-03-22 12:52:49.707	i2b2	\N
i2b2	DQgo5zoC2BQ3IQiyR0dl	2013-03-22 13:23:12.908	\N	2013-03-22 12:53:12.908	i2b2	\N
i2b2	DVrUY8eS0bH0zCUASDXp	2013-03-22 13:23:33.545	\N	2013-03-22 12:53:33.545	i2b2	\N
i2b2	fVpYC2tfV1TGw6Ps3VkI	2013-03-22 13:27:00.399	\N	2013-03-22 12:57:00.399	i2b2	\N
i2b2	7pITUxRtgxuQTx5e9n91	2013-03-22 13:27:04.149	\N	2013-03-22 12:57:04.149	i2b2	\N
i2b2	jOijaJQOLUKhKOJwXFdb	2013-03-22 13:27:13.952	\N	2013-03-22 12:57:13.952	i2b2	\N
i2b2	CHVdxQfikebFeluMH3c6	2013-03-22 13:27:15.985	\N	2013-03-22 12:57:15.985	i2b2	\N
i2b2	YS71lwyptX6c6NoboBRK	2013-03-22 13:31:58.378	\N	2013-03-22 13:01:58.378	i2b2	\N
i2b2	RtuqciLXqS93eGGEc3gj	2013-03-22 13:32:04.794	\N	2013-03-22 13:02:04.794	i2b2	\N
i2b2	JU1Sa7i2OKXqJcgf3UWZ	2013-03-22 13:32:07.402	\N	2013-03-22 13:02:07.402	i2b2	\N
i2b2	4KoODK4upW6NvKcTNW4b	2013-03-22 13:32:50.918	\N	2013-03-22 13:02:50.918	i2b2	\N
i2b2	twGkuRJV1lMid1cwO8qt	2013-03-22 13:32:56.705	\N	2013-03-22 13:02:56.705	i2b2	\N
i2b2	jJQZBotrAv1ZoIlZLC2c	2013-03-22 13:33:04.696	\N	2013-03-22 13:03:04.696	i2b2	\N
i2b2	5R1gJIMhoVxw168Iv2Rg	2013-03-22 13:33:13.732	\N	2013-03-22 13:03:13.732	i2b2	\N
i2b2	trMxsKtdVuFlABax8Cm5	2013-03-22 13:33:16.099	\N	2013-03-22 13:03:16.1	i2b2	\N
i2b2	Tz1Okv1umNNY2wqW6ur8	2013-03-22 13:33:20.581	\N	2013-03-22 13:03:20.581	i2b2	\N
i2b2	2LJvmfcWYZwQAU7sqQib	2013-03-22 13:33:22.812	\N	2013-03-22 13:03:22.812	i2b2	\N
i2b2	LjTMvpMbx2mKAX1oP23m	2013-03-22 13:33:24.586	\N	2013-03-22 13:03:24.586	i2b2	\N
i2b2	WEGUIw1oKaJyXE9OStak	2013-03-22 13:33:28.474	\N	2013-03-22 13:03:28.474	i2b2	\N
i2b2	ImDIHmZZrAQDJFRVBeoe	2013-03-22 13:33:35.669	\N	2013-03-22 13:03:35.669	i2b2	\N
i2b2	kNmxFuQwclXxhxAYhJN9	2013-03-22 13:59:04.342	\N	2013-03-22 13:29:04.342	i2b2	\N
i2b2	HoMqu6STNLJGVyAzyN9V	2013-03-22 13:59:11.446	\N	2013-03-22 13:29:11.446	i2b2	\N
i2b2	nsMTiQm5g7gPwBXxdJxg	2013-03-22 13:59:17.366	\N	2013-03-22 13:29:17.366	i2b2	\N
i2b2	qyPOxTBJHQ5YEZVhrERF	2013-03-22 13:59:24.079	\N	2013-03-22 13:29:24.079	i2b2	\N
i2b2	xV0KTRa9juFMEL7gLB6V	2013-03-22 15:17:32.35	\N	2013-03-22 14:47:32.35	i2b2	\N
i2b2	Snxk0Rvuf7oGJK9M6ERQ	2013-03-22 15:17:39.667	\N	2013-03-22 14:47:39.667	i2b2	\N
i2b2	nL58DJErgNF3DqRdH9Mi	2013-03-22 15:17:48.181	\N	2013-03-22 14:47:48.181	i2b2	\N
i2b2	rW4WIVy0HaJv4mHKGOFn	2013-03-22 15:19:38.694	\N	2013-03-22 14:49:38.694	i2b2	\N
i2b2	2AoCuGez5EpyfE0rJRE1	2013-03-22 15:19:49.724	\N	2013-03-22 14:49:49.724	i2b2	\N
i2b2	RmnRDX6rZG2a3Cw1dlwa	2013-03-22 15:20:01.263	\N	2013-03-22 14:50:01.263	i2b2	\N
i2b2	mnBovAWDCGLaAyNF454F	2013-03-22 15:26:34.426	\N	2013-03-22 14:56:34.426	i2b2	\N
i2b2	RMlC6gUmQcyUflDISuJO	2013-03-22 15:26:56.113	\N	2013-03-22 14:56:56.113	i2b2	\N
i2b2	jQGRHbwUWrh9iL2dlELX	2013-03-22 15:26:57.543	\N	2013-03-22 14:56:57.543	i2b2	\N
i2b2	NxgDhCT55S1KWwTr2PB7	2013-03-22 15:27:26.898	\N	2013-03-22 14:57:26.898	i2b2	\N
i2b2	QxO7abSR84My9jPqQ6U6	2013-03-22 15:27:28.865	\N	2013-03-22 14:57:28.865	i2b2	\N
i2b2	2gmNnjGvpFvruQMm9GHO	2013-03-22 15:27:35.006	\N	2013-03-22 14:57:35.006	i2b2	\N
i2b2	9ZxJuhQutt3ryZ67mztp	2013-03-22 15:27:40.024	\N	2013-03-22 14:57:40.024	i2b2	\N
i2b2	D7Eare3i7vF4PvEe9Ern	2013-03-22 15:27:42.158	\N	2013-03-22 14:57:42.158	i2b2	\N
i2b2	gUGa3JSTs9nNnPUWTHMH	2013-03-22 15:27:49.324	\N	2013-03-22 14:57:49.324	i2b2	\N
i2b2	UoapJvNCJldU2LX6owhO	2013-03-22 15:28:10.43	\N	2013-03-22 14:58:10.43	i2b2	\N
i2b2	TfMYmr5rGSINiyMIAvnU	2013-03-22 15:28:15.596	\N	2013-03-22 14:58:15.596	i2b2	\N
i2b2	Jos8gK8YD5fURv7KCgeS	2013-03-22 15:56:26.05	\N	2013-03-22 15:26:26.05	i2b2	\N
i2b2	MbYjBMrmytRakPjmCmDu	2013-03-22 15:57:15.797	\N	2013-03-22 15:27:15.797	i2b2	\N
i2b2	mcybrCj47YHdExkgIxqO	2013-03-22 15:58:03.808	\N	2013-03-22 15:28:03.808	i2b2	\N
i2b2	QQuVlNWgCcUxwm9OIsRE	2013-03-22 15:58:06.419	\N	2013-03-22 15:28:06.419	i2b2	\N
i2b2	oUqM8iCeEtrrPncU1txf	2013-03-22 15:58:09.74	\N	2013-03-22 15:28:09.74	i2b2	\N
i2b2	eNYGOVOrJYNf96gEQGzt	2013-03-22 15:58:14.158	\N	2013-03-22 15:28:14.158	i2b2	\N
i2b2	nxuCIQsFBDHOuwYZsjK2	2013-03-22 15:58:16.829	\N	2013-03-22 15:28:16.829	i2b2	\N
i2b2	IJFO3m4DO8hZDyvoVU5s	2013-03-22 15:58:18.653	\N	2013-03-22 15:28:18.653	i2b2	\N
i2b2	fDcGxgJLmXEDWjtxGqnZ	2013-03-22 15:58:31.061	\N	2013-03-22 15:28:31.061	i2b2	\N
i2b2	GPh8yhZhwTYSh6toPWeh	2013-03-22 15:58:32.735	\N	2013-03-22 15:28:32.736	i2b2	\N
i2b2	b46qQkHkcrmhanp5WgKT	2013-03-22 15:58:33.813	\N	2013-03-22 15:28:33.813	i2b2	\N
i2b2	yqLSiHiWIY5GzhZuvnuu	2013-03-22 15:58:36.691	\N	2013-03-22 15:28:36.691	i2b2	\N
i2b2	II2JAmMfLuF1rgLBHKPr	2013-03-22 15:59:24.021	\N	2013-03-22 15:29:24.021	i2b2	\N
i2b2	Y1IUtLSYRBxKu3l9razp	2013-03-22 15:59:25.759	\N	2013-03-22 15:29:25.759	i2b2	\N
i2b2	hsmJAibVTMDyrWkrE8Io	2013-03-22 15:59:32.412	\N	2013-03-22 15:29:32.412	i2b2	\N
i2b2	2LDFdtR6wAfW3SAEvT8D	2013-03-22 16:49:21.661	\N	2013-03-22 16:19:21.661	i2b2	\N
i2b2	BbqoSD1Yv5EeVJvjTHVB	2013-03-22 16:49:38.158	\N	2013-03-22 16:19:38.158	i2b2	\N
i2b2	7yGUWjkwc6rFqTpgMe1n	2013-03-22 16:49:51.097	\N	2013-03-22 16:19:51.097	i2b2	\N
i2b2	BDlkfBtA6wf6r2GctuE8	2013-03-22 17:01:08.809	\N	2013-03-22 16:31:08.809	i2b2	\N
i2b2	0cEmAeMABGuVvnQF9Gts	2013-03-22 17:01:09.421	\N	2013-03-22 16:31:09.421	i2b2	\N
i2b2	R287ubTKnipyyjQhpGuc	2013-03-22 17:01:09.721	\N	2013-03-22 16:31:09.721	i2b2	\N
i2b2	GZGlQKpZTTKJNDR0bouR	2013-03-22 17:01:10.685	\N	2013-03-22 16:31:10.685	i2b2	\N
i2b2	0W2AOnTj4QU3F3OP4IIo	2013-03-22 17:02:36.738	\N	2013-03-22 16:32:36.738	i2b2	\N
i2b2	HtMfLkRtQSOQaqQVMEel	2013-03-22 17:02:41.915	\N	2013-03-22 16:32:41.915	i2b2	\N
i2b2	wJaHSfUc6bdD7dwcAceA	2013-03-22 17:02:44.677	\N	2013-03-22 16:32:44.677	i2b2	\N
i2b2	hOahLBZmQT0JCEv9oXsa	2013-03-22 17:02:59.181	\N	2013-03-22 16:32:59.181	i2b2	\N
i2b2	SHXYakf6iNwmslehPGMj	2013-03-22 17:03:39.939	\N	2013-03-22 16:33:39.939	i2b2	\N
i2b2	oQaXowGKSZGwXtvjCjmm	2013-03-22 17:03:40.26	\N	2013-03-22 16:33:40.26	i2b2	\N
i2b2	RzSv9a24tttb3CV8YtLR	2013-03-22 17:03:40.503	\N	2013-03-22 16:33:40.503	i2b2	\N
i2b2	9tGhibshxUhOABhZaL3V	2013-03-22 17:03:40.923	\N	2013-03-22 16:33:40.923	i2b2	\N
i2b2	JIrqJJxms2yr16ccU4sU	2013-03-22 17:11:08.161	\N	2013-03-22 16:41:08.161	i2b2	\N
i2b2	g2E7533bQQmqsQvTNbRR	2013-03-22 17:11:09.191	\N	2013-03-22 16:41:09.191	i2b2	\N
i2b2	Qa3pNcEq0HYGMu78X5iO	2013-03-22 17:11:11.796	\N	2013-03-22 16:41:11.796	i2b2	\N
i2b2	KGifkM5zJRhi51xK4ynZ	2013-03-22 17:11:13.502	\N	2013-03-22 16:41:13.502	i2b2	\N
i2b2	fm5yK8fckVbCIZjciVwi	2013-03-22 17:44:22.04	\N	2013-03-22 17:14:22.04	i2b2	\N
i2b2	2F5eIzONqgv9rEFPWui4	2013-03-22 17:44:24.193	\N	2013-03-22 17:14:24.193	i2b2	\N
i2b2	i8ePQgRQQA2ZkfDquSuw	2013-03-22 17:44:29.593	\N	2013-03-22 17:14:29.593	i2b2	\N
i2b2	NGHle6W1iHWqdetcQjjx	2013-03-22 17:44:31.825	\N	2013-03-22 17:14:31.825	i2b2	\N
i2b2	TUYwygISS44HIgEDv6cI	2013-03-22 17:44:38.024	\N	2013-03-22 17:14:38.024	i2b2	\N
i2b2	ss3jmmQ3K7JH1nrxp2zL	2013-03-22 17:44:52.342	\N	2013-03-22 17:14:52.342	i2b2	\N
i2b2	kBeUjRgtiqQ9TI6rScqB	2013-03-22 17:45:04.259	\N	2013-03-22 17:15:04.259	i2b2	\N
i2b2	vnyQbCx6N3UuWfMYdsaN	2013-03-22 17:45:06.282	\N	2013-03-22 17:15:06.282	i2b2	\N
i2b2	2ugFrUBSw0FpOWoffPeI	2013-03-22 17:45:13.983	\N	2013-03-22 17:15:13.983	i2b2	\N
i2b2	PtDKFteI22pkV5PUZp7X	2013-03-22 17:45:15.723	\N	2013-03-22 17:15:15.723	i2b2	\N
i2b2	bqiPMfO2VbCr3n5E6k7O	2013-03-22 17:45:23.243	\N	2013-03-22 17:15:23.243	i2b2	\N
i2b2	rFPmNIiwmDlyYu5Z2XOc	2013-03-22 17:45:24.814	\N	2013-03-22 17:15:24.814	i2b2	\N
i2b2	AQgl8BhoxuEZkSSh283j	2013-03-22 17:45:26.039	\N	2013-03-22 17:15:26.039	i2b2	\N
i2b2	4npq5pQ395rXx7bXbLw7	2013-03-22 17:45:28.218	\N	2013-03-22 17:15:28.218	i2b2	\N
i2b2	aRKC5jX8HRGNMF8UW6B4	2013-03-22 17:45:42.904	\N	2013-03-22 17:15:42.904	i2b2	\N
i2b2	cEJJ7DBqKM2TcTIGWZSY	2013-03-22 17:45:43.174	\N	2013-03-22 17:15:43.174	i2b2	\N
i2b2	TkHPFZHW1w6Z5a5CibxJ	2013-03-22 17:45:43.376	\N	2013-03-22 17:15:43.376	i2b2	\N
i2b2	JjIoT3UnGVL5uPwZ7hqd	2013-03-22 17:45:44.129	\N	2013-03-22 17:15:44.129	i2b2	\N
i2b2	gN4CnB2Zvf8OkV1hHsmd	2013-03-22 17:53:21.113	\N	2013-03-22 17:23:21.113	i2b2	\N
i2b2	7vC9TYXtE9xZ24gMEqbY	2013-03-22 17:53:24.379	\N	2013-03-22 17:23:24.379	i2b2	\N
i2b2	gEhY4i9X2GaaTikxcFmu	2013-03-22 17:53:28.345	\N	2013-03-22 17:23:28.345	i2b2	\N
i2b2	ILKFXJ5v6Kp3SK4LHJIx	2013-03-22 17:53:36.239	\N	2013-03-22 17:23:36.239	i2b2	\N
i2b2	2OCL1jRTcjnw6Wmw1ryM	2013-03-22 17:53:42.306	\N	2013-03-22 17:23:42.306	i2b2	\N
i2b2	OvuCtYjwVpkC2H2Pybi6	2013-03-22 17:53:54.684	\N	2013-03-22 17:23:54.684	i2b2	\N
i2b2	zJELhPpxNtPAcYjHkar6	2013-03-22 17:53:56.943	\N	2013-03-22 17:23:56.943	i2b2	\N
i2b2	4kFjHtF8ZkTp6gH0W5Ya	2013-03-22 17:54:00.453	\N	2013-03-22 17:24:00.453	i2b2	\N
i2b2	1owDs3A5bX8XLisKdxLZ	2013-03-22 17:55:01.533	\N	2013-03-22 17:25:01.533	i2b2	\N
i2b2	Z5MWMLnLRuG8Bcf6ywNq	2013-03-22 17:55:06.908	\N	2013-03-22 17:25:06.908	i2b2	\N
i2b2	hCG6aAzpuV55iK5a6iJm	2013-03-22 17:55:07.972	\N	2013-03-22 17:25:07.972	i2b2	\N
i2b2	nUUWGoHWjfVFJenNfEHN	2013-03-22 17:55:09.798	\N	2013-03-22 17:25:09.798	i2b2	\N
i2b2	BzGUCoKPXyDKjvvPHlcg	2013-03-22 17:55:11.557	\N	2013-03-22 17:25:11.557	i2b2	\N
i2b2	eq5H8rO5wxesHj1BTn4D	2013-03-22 17:55:12.852	\N	2013-03-22 17:25:12.852	i2b2	\N
i2b2	V6Hm9P7oXQFoPlAlUJu2	2013-03-22 17:55:15.234	\N	2013-03-22 17:25:15.234	i2b2	\N
i2b2	e5VDPuF6Bbu6UOqcGss2	2013-03-22 17:55:16.49	\N	2013-03-22 17:25:16.49	i2b2	\N
i2b2	3BJBr56YrzQs3nWnkI0K	2013-03-22 17:55:21.835	\N	2013-03-22 17:25:21.835	i2b2	\N
i2b2	fHhkwxrtM2NhbZU6bGc3	2013-03-22 18:11:49.635	\N	2013-03-22 17:41:49.636	i2b2	\N
i2b2	EAk1m1hVB4XygO4mXkH2	2013-03-22 18:11:52.63	\N	2013-03-22 17:41:52.63	i2b2	\N
i2b2	5Hmxuam2Qccjpdwq4lRC	2013-03-22 18:11:54.142	\N	2013-03-22 17:41:54.142	i2b2	\N
i2b2	wqWkrlImHUjompsEqC7i	2013-03-22 18:11:56.966	\N	2013-03-22 17:41:56.966	i2b2	\N
i2b2	dZK3a07oJmUSTS973d5C	2013-03-22 18:12:56.465	\N	2013-03-22 17:42:56.465	i2b2	\N
i2b2	sVjW36Kp9gsR3nYOPwHf	2013-03-22 18:13:00.239	\N	2013-03-22 17:43:00.239	i2b2	\N
i2b2	hoM6AuEQoMzB2GhkGpQy	2013-03-22 18:13:10.645	\N	2013-03-22 17:43:10.645	i2b2	\N
i2b2	C5WPfSMlbR932iZhQLGT	2013-03-22 18:13:23.046	\N	2013-03-22 17:43:23.046	i2b2	\N
i2b2	ZggNpxNNRMjcneu2CaGj	2013-03-22 18:13:23.319	\N	2013-03-22 17:43:23.319	i2b2	\N
i2b2	t241sX2pg7CYDncq2OSf	2013-03-22 18:13:23.555	\N	2013-03-22 17:43:23.555	i2b2	\N
i2b2	nNRR9ph8CdwALXZAPLHy	2013-03-22 18:13:24.366	\N	2013-03-22 17:43:24.366	i2b2	\N
i2b2	AqMGztUPOjLBe7PmeSU0	2013-03-22 18:13:49.144	\N	2013-03-22 17:43:49.144	i2b2	\N
i2b2	IKTAX1Po6afkVmduU8bd	2013-03-22 18:13:49.35	\N	2013-03-22 17:43:49.35	i2b2	\N
i2b2	iv82idwg5CX4OlUeezGf	2013-03-22 18:13:49.583	\N	2013-03-22 17:43:49.583	i2b2	\N
i2b2	c6HHVyCEnJm9Ut2AqaLP	2013-03-22 18:13:50.039	\N	2013-03-22 17:43:50.039	i2b2	\N
i2b2	JV42ai3BUY7s4iXtjVlS	2013-03-22 18:14:16.265	\N	2013-03-22 17:44:16.265	i2b2	\N
i2b2	EjFZYpq8u7miZr8ldZTp	2013-03-22 18:14:16.459	\N	2013-03-22 17:44:16.459	i2b2	\N
i2b2	4hEcSmh37xwIlNNmBy8Z	2013-03-22 18:14:16.974	\N	2013-03-22 17:44:16.974	i2b2	\N
i2b2	eEBD3yZEMSvX12QKNgBs	2013-03-22 18:14:17.786	\N	2013-03-22 17:44:17.786	i2b2	\N
i2b2	fePwWIPlHpJFUvyIYNg7	2013-03-22 18:15:31.995	\N	2013-03-22 17:45:31.995	i2b2	\N
i2b2	nqLDaUDB0gVqH5Oh0F48	2013-03-22 18:15:32.195	\N	2013-03-22 17:45:32.195	i2b2	\N
i2b2	AXChSy1KeUWKX7uvuCfX	2013-03-22 18:15:32.411	\N	2013-03-22 17:45:32.411	i2b2	\N
i2b2	Ygu6C7c3VhLKdb5z83e8	2013-03-22 18:15:32.879	\N	2013-03-22 17:45:32.879	i2b2	\N
i2b2	gP4WgU2Gxs3Pvm8Un5S8	2013-03-22 18:15:40.876	\N	2013-03-22 17:45:40.876	i2b2	\N
i2b2	9fT9DMEuhh8BSu1iCCxS	2013-03-22 18:15:44.112	\N	2013-03-22 17:45:44.112	i2b2	\N
i2b2	jvBsPLJ5T5pwDgzb4o8k	2013-03-22 18:15:46.084	\N	2013-03-22 17:45:46.084	i2b2	\N
i2b2	u7zD4CiHWfcNPzBslVLD	2013-03-22 18:16:00.901	\N	2013-03-22 17:46:00.901	i2b2	\N
i2b2	W2DZbMiHdbW1xqqC9z18	2013-03-22 18:16:01.067	\N	2013-03-22 17:46:01.067	i2b2	\N
i2b2	IQMqE0JYr3arPYrzJZdX	2013-03-22 18:16:01.247	\N	2013-03-22 17:46:01.247	i2b2	\N
i2b2	e0smBl6fLOZwyf5UU9Y9	2013-03-22 18:16:01.654	\N	2013-03-22 17:46:01.654	i2b2	\N
i2b2	Dy5SkuzRLxoB9yUmRYo8	2013-03-22 18:18:56.711	\N	2013-03-22 17:48:56.711	i2b2	\N
i2b2	NUaclkUrKTaW1Nd4CQhO	2013-03-22 18:18:57.472	\N	2013-03-22 17:48:57.472	i2b2	\N
i2b2	YwjRIyGjABXLTxDsiPGF	2013-03-22 18:18:57.654	\N	2013-03-22 17:48:57.654	i2b2	\N
i2b2	bexURitJs6JZTFecrBIt	2013-03-22 18:18:58.063	\N	2013-03-22 17:48:58.063	i2b2	\N
i2b2	gfymmrGbMsecaF4GvUle	2013-03-22 18:19:10.279	\N	2013-03-22 17:49:10.279	i2b2	\N
i2b2	StnzrQllgwvnBgliwrau	2013-03-22 18:19:10.448	\N	2013-03-22 17:49:10.448	i2b2	\N
i2b2	OQ6LUuc2JXNoMIJ0XSsO	2013-03-22 18:19:10.632	\N	2013-03-22 17:49:10.632	i2b2	\N
i2b2	VDJ0YTUwZajAUwSqCM06	2013-03-22 18:19:11.039	\N	2013-03-22 17:49:11.039	i2b2	\N
i2b2	CWxdWQG26kMKERhaZSJI	2013-03-22 18:19:47.491	\N	2013-03-22 17:49:47.491	i2b2	\N
i2b2	JcHiImrmjU9O8Vhlar9c	2013-03-22 18:19:47.655	\N	2013-03-22 17:49:47.655	i2b2	\N
i2b2	K62lxtP2OMiqtWqLDbu3	2013-03-22 18:19:47.843	\N	2013-03-22 17:49:47.843	i2b2	\N
i2b2	Y1mxHbTVu33H5NiIIe2f	2013-03-22 18:19:48.237	\N	2013-03-22 17:49:48.237	i2b2	\N
i2b2	RTlhGCObyHC9h8tqHOaX	2013-03-22 18:23:10.584	\N	2013-03-22 17:53:10.584	i2b2	\N
i2b2	21AZiPc0U35leWbcXAwE	2013-03-22 18:23:14.675	\N	2013-03-22 17:53:14.675	i2b2	\N
i2b2	Eaip5kzs1W5wDZNNqPun	2013-03-22 18:23:17.568	\N	2013-03-22 17:53:17.568	i2b2	\N
i2b2	yIFCxYJ4Rvkrw7FXGuMP	2013-03-22 18:23:17.755	\N	2013-03-22 17:53:17.755	i2b2	\N
i2b2	asy1QtujOEsO89GpK7X4	2013-03-22 18:23:17.935	\N	2013-03-22 17:53:17.936	i2b2	\N
i2b2	seRAQpVSpNLPI5Hhq0up	2013-03-22 18:23:18.324	\N	2013-03-22 17:53:18.324	i2b2	\N
i2b2	s2wvib1OYVMNUHbCixoj	2013-03-22 18:26:06.524	\N	2013-03-22 17:56:06.524	i2b2	\N
i2b2	xqsIDrQYPSGkV24I7BGc	2013-03-22 18:26:06.71	\N	2013-03-22 17:56:06.71	i2b2	\N
i2b2	6fkqRgc7ZsdwQSBYLSEW	2013-03-22 18:26:06.895	\N	2013-03-22 17:56:06.895	i2b2	\N
i2b2	DZHN9VJQHF2b4XDcgFqy	2013-03-22 18:26:07.642	\N	2013-03-22 17:56:07.642	i2b2	\N
i2b2	ooGL3EPqYjx8dJJFe6Mv	2013-03-22 18:27:40.426	\N	2013-03-22 17:57:40.426	i2b2	\N
i2b2	RXsu648MQrT81mzhBlec	2013-03-22 18:27:42.998	\N	2013-03-22 17:57:42.998	i2b2	\N
i2b2	4OjruDewlX8wFqTwSIo5	2013-03-22 18:27:54.154	\N	2013-03-22 17:57:54.154	i2b2	\N
i2b2	0p5DuFC9gcRfrrq5UVId	2013-03-22 18:27:54.343	\N	2013-03-22 17:57:54.343	i2b2	\N
i2b2	vuul5GiDzoSJP2k0blo1	2013-03-22 18:27:54.524	\N	2013-03-22 17:57:54.524	i2b2	\N
i2b2	g6kiGEfzGOviejYvJLPI	2013-03-22 18:27:54.913	\N	2013-03-22 17:57:54.913	i2b2	\N
i2b2	0p6g36ooWBu0B9jgSgFb	2013-03-22 18:28:15.133	\N	2013-03-22 17:58:15.133	i2b2	\N
i2b2	m3B5Odou7pyp111wSO8K	2013-03-22 18:28:17.602	\N	2013-03-22 17:58:17.602	i2b2	\N
i2b2	eF7Emqmof8a5x2BD8uOL	2013-03-22 18:28:29.786	\N	2013-03-22 17:58:29.786	i2b2	\N
i2b2	5dwgPicxwDUS7vkSpEyA	2013-03-22 18:28:38.903	\N	2013-03-22 17:58:38.903	i2b2	\N
i2b2	VssYnMDavq7oedpje6Qc	2013-03-22 18:28:43.985	\N	2013-03-22 17:58:43.985	i2b2	\N
i2b2	6j1LUSfs7WabBQp17qbi	2013-03-22 18:28:49.165	\N	2013-03-22 17:58:49.165	i2b2	\N
i2b2	zjNDZh9SoPtk7RxTkGcC	2013-03-22 18:28:49.325	\N	2013-03-22 17:58:49.325	i2b2	\N
i2b2	eYTjW2QanL47ZlTvp9Y7	2013-03-22 18:28:49.502	\N	2013-03-22 17:58:49.502	i2b2	\N
i2b2	WmBDvI7GTYrBHPbovvWH	2013-03-22 18:28:49.882	\N	2013-03-22 17:58:49.882	i2b2	\N
i2b2	nlC0ZAPRYldy6LsIjMnF	2013-03-25 09:49:41.84	\N	2013-03-25 09:19:41.84	i2b2	\N
i2b2	kt5lgZqbpiOBHE6K9tUN	2013-03-25 09:49:47.273	\N	2013-03-25 09:19:47.273	i2b2	\N
i2b2	wBpNY5SW2DBQG4Lozg10	2013-03-25 09:49:55.526	\N	2013-03-25 09:19:55.526	i2b2	\N
i2b2	DZL4Kq3i4HdtqJQweNjs	2013-03-25 09:49:57.488	\N	2013-03-25 09:19:57.488	i2b2	\N
i2b2	ilZT64Bsvn4FgWhGIuXq	2013-03-25 09:49:57.829	\N	2013-03-25 09:19:57.829	i2b2	\N
i2b2	dJqjsnf3heHILINcCvGV	2013-03-25 09:50:01.397	\N	2013-03-25 09:20:01.397	i2b2	\N
i2b2	vaUu5bJo7YjdUvCJF4cH	2013-03-25 09:54:32.346	\N	2013-03-25 09:24:32.346	i2b2	\N
i2b2	wcZvqkCEdb9wd4YWSjQX	2013-03-25 09:54:35.735	\N	2013-03-25 09:24:35.735	i2b2	\N
i2b2	3dVdrofYwsbBQZKFnYJP	2013-03-25 09:54:39.221	\N	2013-03-25 09:24:39.221	i2b2	\N
i2b2	8Uh9drrttSuF2P4FwQdV	2013-03-25 09:54:39.505	\N	2013-03-25 09:24:39.505	i2b2	\N
i2b2	axlfpnm6XfyKkMWNcvJL	2013-03-25 09:54:39.755	\N	2013-03-25 09:24:39.755	i2b2	\N
i2b2	bdtainfCaIDsArjsZ2Dk	2013-03-25 09:54:40.238	\N	2013-03-25 09:24:40.238	i2b2	\N
i2b2	WoaI5Ibao7Ke16YhTAgj	2013-03-25 09:54:54.999	\N	2013-03-25 09:24:54.999	i2b2	\N
i2b2	BLA1TO430SJz0ClXDQvO	2013-03-25 09:54:56.801	\N	2013-03-25 09:24:56.801	i2b2	\N
i2b2	ppinTz5EFoKXjwAjB9S6	2013-03-25 09:54:58.643	\N	2013-03-25 09:24:58.643	i2b2	\N
i2b2	x1kuQRXmEVCe29NENQuL	2013-03-25 09:55:10.231	\N	2013-03-25 09:25:10.231	i2b2	\N
i2b2	Z4IDkPAYMrRmXwnDjpHO	2013-03-25 09:55:10.456	\N	2013-03-25 09:25:10.456	i2b2	\N
i2b2	CCr0XdwwXJTC6Pni4Nvx	2013-03-25 09:55:11.024	\N	2013-03-25 09:25:11.024	i2b2	\N
i2b2	xVXosWGtEsujwmKiSo7c	2013-03-25 09:55:11.564	\N	2013-03-25 09:25:11.564	i2b2	\N
i2b2	lf6fVeVHh8jZJtQeUkV9	2013-03-25 10:12:37.095	\N	2013-03-25 09:42:37.095	i2b2	\N
i2b2	yTk34HQItWPpgmEe7aeQ	2013-03-25 10:12:46.23	\N	2013-03-25 09:42:46.23	i2b2	\N
i2b2	ZUfEpbTFGPqGZ7Ajr2yr	2013-03-25 10:12:47.675	\N	2013-03-25 09:42:47.675	i2b2	\N
i2b2	XWUdy3nu8aBByqIaAxHM	2013-03-25 10:12:50.7	\N	2013-03-25 09:42:50.7	i2b2	\N
i2b2	Mz2fN8Zzh2iaJCoRnfTg	2013-03-25 10:12:54.824	\N	2013-03-25 09:42:54.824	i2b2	\N
i2b2	5iDFM3w1RUcx10eCVRcS	2013-03-25 13:45:10.103	\N	2013-03-25 13:15:10.103	i2b2	\N
i2b2	fuL1uD9EbqNoPL13Ee5h	2013-03-25 13:45:40.961	\N	2013-03-25 13:15:40.961	i2b2	\N
i2b2	oxZXUcHJSJCuricMuF7W	2013-03-25 13:45:46.755	\N	2013-03-25 13:15:46.755	i2b2	\N
i2b2	6VXrjgmWviLEcHAehx58	2013-03-25 13:45:55.758	\N	2013-03-25 13:15:55.758	i2b2	\N
i2b2	TI7n9hpwufrIOSGCZLC5	2013-03-25 13:45:56.055	\N	2013-03-25 13:15:56.055	i2b2	\N
i2b2	a4A9d7WPQZoDa6gfqK2r	2013-03-25 13:45:56.276	\N	2013-03-25 13:15:56.276	i2b2	\N
i2b2	Rrsb7kbEqMbtiZF7QcZ6	2013-03-25 13:45:56.844	\N	2013-03-25 13:15:56.844	i2b2	\N
i2b2	sm8tcqfrIXUrEfjhuW1q	2013-03-25 13:46:08.289	\N	2013-03-25 13:16:08.289	i2b2	\N
i2b2	f3O9foSGFm2iBWFyKqbP	2013-03-25 13:46:10.447	\N	2013-03-25 13:16:10.447	i2b2	\N
i2b2	HkFLn8RTpSYhdSs9bzq4	2013-03-25 13:46:17.26	\N	2013-03-25 13:16:17.26	i2b2	\N
i2b2	mRgbn0obpT2Is7qiaQXg	2013-03-25 13:48:48.604	\N	2013-03-25 13:18:48.604	i2b2	\N
i2b2	NyoEH6c9Cb7B1KPwBAaR	2013-03-25 13:49:03.129	\N	2013-03-25 13:19:03.129	i2b2	\N
i2b2	DBCeYqEkOaqa2kwJQuMx	2013-03-25 13:49:03.356	\N	2013-03-25 13:19:03.356	i2b2	\N
i2b2	RjtRVetajFKrXk9CUgqZ	2013-03-25 13:49:03.561	\N	2013-03-25 13:19:03.561	i2b2	\N
i2b2	0hGwIcSnDtha27RMM22Q	2013-03-25 13:49:03.993	\N	2013-03-25 13:19:03.993	i2b2	\N
i2b2	AeCZ7SFpLgYveJX58gPe	2013-03-25 13:56:26.379	\N	2013-03-25 13:26:26.379	i2b2	\N
i2b2	FS6hDYLx6TvfoCcMby9H	2013-03-25 13:56:29.816	\N	2013-03-25 13:26:29.816	i2b2	\N
i2b2	Z1KGrHy7FbWDWQL3cfcf	2013-03-25 13:56:31.527	\N	2013-03-25 13:26:31.527	i2b2	\N
i2b2	NRew2Plga1TCN7rxyDkw	2013-03-25 13:56:35.676	\N	2013-03-25 13:26:35.676	i2b2	\N
i2b2	G94pu6qft89vwSpHAS5A	2013-03-25 13:56:35.895	\N	2013-03-25 13:26:35.895	i2b2	\N
i2b2	ZYbT9JU0MvF8fLctShfK	2013-03-25 13:56:36.131	\N	2013-03-25 13:26:36.131	i2b2	\N
i2b2	ooT8T6LTPfUmBoecS9AH	2013-03-25 13:56:36.582	\N	2013-03-25 13:26:36.582	i2b2	\N
i2b2	k36vSrRCrXO2X5tBIkbI	2013-03-25 13:56:49.617	\N	2013-03-25 13:26:49.617	i2b2	\N
i2b2	sYEsnVylLuhTEhXWgcet	2013-03-25 13:56:52.772	\N	2013-03-25 13:26:52.772	i2b2	\N
i2b2	O0F6LwQlr6Kf6N13K9rD	2013-03-25 13:57:19.129	\N	2013-03-25 13:27:19.129	i2b2	\N
i2b2	pRNea5ApEQooUBbdLHRd	2013-03-25 13:57:19.316	\N	2013-03-25 13:27:19.316	i2b2	\N
i2b2	6e6iFFTBySwwMTOCL7kj	2013-03-25 13:57:19.519	\N	2013-03-25 13:27:19.519	i2b2	\N
i2b2	l97SXSvV9Ql6aFLlutK6	2013-03-25 13:57:19.966	\N	2013-03-25 13:27:19.966	i2b2	\N
i2b2	I8rf8Rg8cXQ8JGNF3z3o	2013-03-25 14:24:20.91	\N	2013-03-25 13:54:20.91	i2b2	\N
i2b2	nGsuvn6Z2PpoOw2aRWeB	2013-03-25 14:24:39.615	\N	2013-03-25 13:54:39.615	i2b2	\N
i2b2	7Fr5rKmmbGrKulMBC4Ci	2013-03-25 14:24:41.33	\N	2013-03-25 13:54:41.33	i2b2	\N
i2b2	aBShrOjJaXDRGO7TMPJi	2013-03-25 14:24:46.339	\N	2013-03-25 13:54:46.339	i2b2	\N
i2b2	uletJAGM2DDMXoRUqim5	2013-03-25 14:24:46.549	\N	2013-03-25 13:54:46.549	i2b2	\N
i2b2	2zte3VjWKjKj1e22aDZc	2013-03-25 14:24:46.747	\N	2013-03-25 13:54:46.747	i2b2	\N
i2b2	65K3AKiLsFudmjL4XoYi	2013-03-25 14:24:47.176	\N	2013-03-25 13:54:47.176	i2b2	\N
i2b2	7Rd9UdeFQzOGus5xuInt	2013-03-25 14:25:01.741	\N	2013-03-25 13:55:01.741	i2b2	\N
i2b2	Hdy7xvatUOVBjTvryVhQ	2013-03-25 14:25:24.646	\N	2013-03-25 13:55:24.646	i2b2	\N
i2b2	WICX2EgMUDiNbWs4fukO	2013-03-25 14:25:24.821	\N	2013-03-25 13:55:24.821	i2b2	\N
i2b2	vwsTcgQ4FifD6auKMiq9	2013-03-25 14:25:25.012	\N	2013-03-25 13:55:25.012	i2b2	\N
i2b2	743c2GOl4dEXXBWBgCer	2013-03-25 14:25:25.415	\N	2013-03-25 13:55:25.415	i2b2	\N
i2b2	PRifBpmMb9fFVoJDEwu3	2013-03-25 14:28:25.089	\N	2013-03-25 13:58:25.089	i2b2	\N
i2b2	8MZkHoYaQSDcFQDRlQ7X	2013-03-25 14:28:30.477	\N	2013-03-25 13:58:30.477	i2b2	\N
i2b2	qqTEb9WSjqkgTWibiKyK	2013-03-25 14:28:34.541	\N	2013-03-25 13:58:34.541	i2b2	\N
i2b2	KCpsBPY9MtbrDbNYmZys	2013-03-25 14:28:34.779	\N	2013-03-25 13:58:34.779	i2b2	\N
i2b2	Lfdffr5kGlxbnKhb3DQB	2013-03-25 14:28:34.969	\N	2013-03-25 13:58:34.969	i2b2	\N
i2b2	JYfxKqJokSxfgUTYvju5	2013-03-25 14:28:35.683	\N	2013-03-25 13:58:35.683	i2b2	\N
i2b2	Omc8CtFHp2E9BAuJ15S1	2013-03-25 14:28:45.179	\N	2013-03-25 13:58:45.179	i2b2	\N
i2b2	dn8BK7sffor9X6aWDm5a	2013-03-25 14:28:47.231	\N	2013-03-25 13:58:47.231	i2b2	\N
i2b2	gh3UNEsCGyuaiq9ZLkZz	2013-03-25 14:29:06.983	\N	2013-03-25 13:59:06.983	i2b2	\N
i2b2	ItZfJ9xcwn24quDkZsfO	2013-03-25 14:29:07.162	\N	2013-03-25 13:59:07.162	i2b2	\N
i2b2	CI9HvdQByiRFTCwoIr2N	2013-03-25 14:29:07.348	\N	2013-03-25 13:59:07.348	i2b2	\N
i2b2	ZHMxiPgT2sBNa4v2w1vn	2013-03-25 14:29:07.735	\N	2013-03-25 13:59:07.735	i2b2	\N
i2b2	Fl7B9AnjOvSXuEh6wAHA	2013-03-25 14:37:11.997	\N	2013-03-25 14:07:11.997	i2b2	\N
i2b2	KtuGrFhAUXdiOyOX1eVq	2013-03-25 14:37:26.124	\N	2013-03-25 14:07:26.124	i2b2	\N
i2b2	jnmsucE6Q9QkJE9bAB52	2013-03-25 14:37:29.254	\N	2013-03-25 14:07:29.254	i2b2	\N
i2b2	u4xfmkpRjCzIP4pNmqcy	2013-03-25 14:37:29.456	\N	2013-03-25 14:07:29.456	i2b2	\N
i2b2	4vfuKpCsJ16FEbv29F1W	2013-03-25 14:37:29.646	\N	2013-03-25 14:07:29.646	i2b2	\N
i2b2	vLxQHKYuCkDjhDj1dgsR	2013-03-25 14:37:30.041	\N	2013-03-25 14:07:30.041	i2b2	\N
i2b2	MmzgunQtTqM5jPF9RODu	2013-03-25 14:37:43.226	\N	2013-03-25 14:07:43.226	i2b2	\N
i2b2	O8lbedQjnYQVnxa8V5E4	2013-03-25 14:37:46.83	\N	2013-03-25 14:07:46.83	i2b2	\N
i2b2	LC9IvubQvpxYgZw85ObO	2013-03-25 14:48:18.6	\N	2013-03-25 14:18:18.6	i2b2	\N
i2b2	ZY1CTZl3e7Ygepxg9pHe	2013-03-25 14:48:21.274	\N	2013-03-25 14:18:21.274	i2b2	\N
i2b2	bY72QtFtyejaSCAiprWj	2013-03-25 14:48:22.478	\N	2013-03-25 14:18:22.478	i2b2	\N
i2b2	dzaHgpoZQBTigmGnAywX	2013-03-25 14:48:27.787	\N	2013-03-25 14:18:27.787	i2b2	\N
i2b2	91su67qT4ky69olPn5Mx	2013-03-25 14:48:58.484	\N	2013-03-25 14:18:58.484	i2b2	\N
i2b2	UEmu5MZiUbDcOxFL4Bbm	2013-03-25 14:48:58.67	\N	2013-03-25 14:18:58.67	i2b2	\N
i2b2	kMG4tCGPBRVLllh7YyiS	2013-03-25 14:48:58.848	\N	2013-03-25 14:18:58.848	i2b2	\N
i2b2	CwlvgM9lajVvBpIK6Rko	2013-03-25 14:48:59.23	\N	2013-03-25 14:18:59.23	i2b2	\N
i2b2	jDERu9IctRwFuSUnx7UM	2013-03-25 15:06:47.064	\N	2013-03-25 14:36:47.064	i2b2	\N
i2b2	g9x8yMGvPIeoitrXOHht	2013-03-25 15:06:50.387	\N	2013-03-25 14:36:50.387	i2b2	\N
i2b2	OiPOnZjqyJw0jEzRrw8N	2013-03-25 15:06:58.143	\N	2013-03-25 14:36:58.143	i2b2	\N
i2b2	KMHW7wrBs6kH21HsueCM	2013-03-25 15:07:03.014	\N	2013-03-25 14:37:03.014	i2b2	\N
i2b2	K5cGxUhQul4szAt8r2UP	2013-03-25 15:07:55.524	\N	2013-03-25 14:37:55.524	i2b2	\N
i2b2	4c55f2slmBSQIfEE2M1y	2013-03-25 15:07:55.738	\N	2013-03-25 14:37:55.738	i2b2	\N
i2b2	JsNUWrGvE5xa7AAr4rnS	2013-03-25 15:07:55.918	\N	2013-03-25 14:37:55.918	i2b2	\N
i2b2	0eDG4vF83G9ZGeFAdt6m	2013-03-25 15:07:56.304	\N	2013-03-25 14:37:56.304	i2b2	\N
i2b2	0nRwHjj13E4CbpwlrqEy	2013-03-25 15:22:31.758	\N	2013-03-25 14:52:31.758	i2b2	\N
i2b2	ZYxIB08GA7w74qs4336H	2013-03-25 15:22:34.397	\N	2013-03-25 14:52:34.397	i2b2	\N
i2b2	rJ8owvLmiQZMwjwkCs77	2013-03-25 15:22:42.049	\N	2013-03-25 14:52:42.049	i2b2	\N
i2b2	vw9G2W8sry8fXxUT9Oby	2013-03-25 15:22:44.47	\N	2013-03-25 14:52:44.47	i2b2	\N
i2b2	PO3WivVZpiopmi3v9gS8	2013-03-25 15:23:24.402	\N	2013-03-25 14:53:24.402	i2b2	\N
i2b2	56bK0JO2Fdei8RoPDqcF	2013-03-25 15:23:24.589	\N	2013-03-25 14:53:24.589	i2b2	\N
i2b2	Oe7pAeh5cNczKaVhovz7	2013-03-25 15:23:24.77	\N	2013-03-25 14:53:24.77	i2b2	\N
i2b2	UPVaKsgTK0Ztuuoh5Ut6	2013-03-25 15:23:25.189	\N	2013-03-25 14:53:25.189	i2b2	\N
i2b2	TGuFOZkAPOYlZQDwuW5X	2013-03-25 15:31:53.385	\N	2013-03-25 15:01:53.385	i2b2	\N
i2b2	KRJl8QStr11MPJOO6Qci	2013-03-25 15:31:56.758	\N	2013-03-25 15:01:56.758	i2b2	\N
i2b2	rYjpvdfmfamp6UrU4Mx5	2013-03-25 15:32:05.207	\N	2013-03-25 15:02:05.207	i2b2	\N
i2b2	ff1wfrZKigwd1YCtF4aA	2013-03-25 15:32:06.971	\N	2013-03-25 15:02:06.971	i2b2	\N
i2b2	HeQipcQzu3P2BsEmco9h	2013-03-25 15:32:33.582	\N	2013-03-25 15:02:33.582	i2b2	\N
i2b2	iBWSnM71DhyttTQm2wcj	2013-03-25 15:32:35.584	\N	2013-03-25 15:02:35.585	i2b2	\N
i2b2	ufrYfwhspvGhRjaI6D5E	2013-03-25 15:32:41.759	\N	2013-03-25 15:02:41.759	i2b2	\N
i2b2	tuCqFGqPuRcnj26lheJd	2013-03-25 15:32:43.413	\N	2013-03-25 15:02:43.413	i2b2	\N
i2b2	UbFYCrSpeKIJ6EoCPJD4	2013-03-25 15:44:09.063	\N	2013-03-25 15:14:09.063	i2b2	\N
i2b2	g2b97diRNKZPYMeSBGoA	2013-03-25 15:49:51.046	\N	2013-03-25 15:19:51.046	i2b2	\N
i2b2	ehDrjDkvcAPBGJ8H58dF	2013-03-25 15:49:59.255	\N	2013-03-25 15:19:59.255	i2b2	\N
i2b2	Ns9i8yTlUPxebZA1GWbu	2013-03-25 15:50:01.917	\N	2013-03-25 15:20:01.917	i2b2	\N
i2b2	2OUs8bkINKJDdxy7ykTp	2013-03-25 15:50:25.425	\N	2013-03-25 15:20:25.425	i2b2	\N
i2b2	rpOaNFgkB8hbLVlClqyB	2013-03-25 15:50:25.983	\N	2013-03-25 15:20:25.983	i2b2	\N
i2b2	WkRUZw1Y3i5CRIFRU2dG	2013-03-25 15:50:26.163	\N	2013-03-25 15:20:26.164	i2b2	\N
i2b2	VqpmlT6RnlZRb2ia22lu	2013-03-25 15:50:26.597	\N	2013-03-25 15:20:26.597	i2b2	\N
i2b2	nEZ4NoZiRWYMiXcXoANV	2013-03-25 15:57:40.981	\N	2013-03-25 15:27:40.981	i2b2	\N
i2b2	fKbAkOvFvSEdJlBB7vGb	2013-03-25 15:57:56.485	\N	2013-03-25 15:27:56.485	i2b2	\N
i2b2	RBEaGHY76Gq7TEDs3Jxh	2013-03-25 15:57:58.712	\N	2013-03-25 15:27:58.712	i2b2	\N
i2b2	vaat7SmRntQ31QG5uJHe	2013-03-25 16:03:27.886	\N	2013-03-25 15:33:27.886	i2b2	\N
i2b2	t74go9ynsfb5O1FrgnM5	2013-03-25 16:05:34.916	\N	2013-03-25 15:35:34.916	i2b2	\N
i2b2	SFpsCgAnN6xGej9XB5uO	2013-03-25 16:05:36.907	\N	2013-03-25 15:35:36.907	i2b2	\N
i2b2	pdrimlRI4NwTeDRf3rkM	2013-03-25 16:05:45.475	\N	2013-03-25 15:35:45.475	i2b2	\N
i2b2	niMAZYbseKxbDYUUSBWp	2013-03-25 16:05:47.12	\N	2013-03-25 15:35:47.12	i2b2	\N
i2b2	qlHc2GXsooSQHrQYgqEd	2013-03-25 16:06:12.921	\N	2013-03-25 15:36:12.921	i2b2	\N
i2b2	NGERawkDGRRha5VnFEa3	2013-03-25 16:06:13.125	\N	2013-03-25 15:36:13.125	i2b2	\N
i2b2	Io5CvMqobDAUnNxQ2Ylv	2013-03-25 16:06:13.306	\N	2013-03-25 15:36:13.306	i2b2	\N
i2b2	TRNutgpJjU5tUtxrnLXs	2013-03-25 16:06:13.721	\N	2013-03-25 15:36:13.721	i2b2	\N
i2b2	DCrVa9VYyrjvppchDcRq	2013-03-25 16:11:09.853	\N	2013-03-25 15:41:09.853	i2b2	\N
i2b2	HtUk89CUj2rDT6H55Xd2	2013-03-25 16:11:15.966	\N	2013-03-25 15:41:15.967	i2b2	\N
i2b2	bKnWv0tQ9h7hyWCMfXOu	2013-03-25 16:11:25.387	\N	2013-03-25 15:41:25.387	i2b2	\N
i2b2	tOo43Wnp2Eq1RY6nmpQW	2013-03-25 16:11:27.735	\N	2013-03-25 15:41:27.735	i2b2	\N
i2b2	532RHFLdJQrsEvXLnnqI	2013-03-25 16:11:51.374	\N	2013-03-25 15:41:51.374	i2b2	\N
i2b2	1ZhhjA0dmMfq1BYBnxrg	2013-03-25 16:11:51.56	\N	2013-03-25 15:41:51.56	i2b2	\N
i2b2	GQFWOXkFiK3d5gTaoPSS	2013-03-25 16:11:51.74	\N	2013-03-25 15:41:51.74	i2b2	\N
i2b2	hwAFfnAC5V68JeiRisrI	2013-03-25 16:11:52.141	\N	2013-03-25 15:41:52.141	i2b2	\N
i2b2	01vo4JNfpmbzb33fjnPS	2013-03-25 16:31:34.892	\N	2013-03-25 16:01:34.892	i2b2	\N
i2b2	l9nI4La6AgVOhUuRSHca	2013-03-25 16:33:25.111	\N	2013-03-25 16:03:25.111	i2b2	\N
i2b2	ny9KGt7RBYRlxthZCUmC	2013-03-25 16:33:39.385	\N	2013-03-25 16:03:39.385	i2b2	\N
i2b2	Ol9bKshUgbtlCttGqZK5	2013-03-25 16:33:41.813	\N	2013-03-25 16:03:41.813	i2b2	\N
i2b2	G7k7tbas1LLYivSei94s	2013-03-25 16:34:08.992	\N	2013-03-25 16:04:08.992	i2b2	\N
i2b2	IIkBwDfqwP39yrDBAh14	2013-03-25 16:34:09.219	\N	2013-03-25 16:04:09.219	i2b2	\N
i2b2	JAlv1X985jf0ZerJh05w	2013-03-25 16:34:09.396	\N	2013-03-25 16:04:09.396	i2b2	\N
i2b2	ChlwciY2kKVrHz6crrQw	2013-03-25 16:34:09.813	\N	2013-03-25 16:04:09.813	i2b2	\N
i2b2	h2Ra7egWboeUFsFnqAql	2013-03-25 16:46:13.028	\N	2013-03-25 16:16:13.028	i2b2	\N
i2b2	it1q3dS7ar057ITkcIuP	2013-03-25 16:46:13.221	\N	2013-03-25 16:16:13.221	i2b2	\N
i2b2	KruJAcGuApxFlRieT3Fh	2013-03-25 16:46:13.402	\N	2013-03-25 16:16:13.402	i2b2	\N
i2b2	NFjhq8qrzv8fIWEi5SoK	2013-03-25 16:46:14.095	\N	2013-03-25 16:16:14.095	i2b2	\N
i2b2	hejAsdGFjcZSORGNkB7w	2013-03-25 17:02:42.991	\N	2013-03-25 16:32:42.991	i2b2	\N
i2b2	uVagK5CdIqqeSOH3YrWP	2013-03-25 17:02:46.12	\N	2013-03-25 16:32:46.12	i2b2	\N
i2b2	nUZepBlpE3ShnSQuleY2	2013-03-25 17:03:01.002	\N	2013-03-25 16:33:01.002	i2b2	\N
i2b2	2OjIGfqamiVosnZtf1Ls	2013-03-25 17:03:04.36	\N	2013-03-25 16:33:04.36	i2b2	\N
i2b2	9byTW8T3qSuaEoAcCwly	2013-03-25 17:03:08.067	\N	2013-03-25 16:33:08.067	i2b2	\N
i2b2	uvkN43loXrGwtX5BjJDl	2013-03-25 17:03:26.252	\N	2013-03-25 16:33:26.252	i2b2	\N
i2b2	J3cgbDR21cfSOuoGB1Z7	2013-03-25 17:03:26.464	\N	2013-03-25 16:33:26.464	i2b2	\N
i2b2	9BqLU82O9mYg8MLXGGJn	2013-03-25 17:03:26.645	\N	2013-03-25 16:33:26.645	i2b2	\N
i2b2	l2AR4A7MHHBER9lRNlr1	2013-03-25 17:03:27.074	\N	2013-03-25 16:33:27.074	i2b2	\N
i2b2	VGe63AZmmxd4WGoOWu59	2013-03-25 17:37:44.596	\N	2013-03-25 17:07:44.596	i2b2	\N
i2b2	ho5edqPy5JwayICicNiU	2013-03-25 17:37:47.359	\N	2013-03-25 17:07:47.359	i2b2	\N
i2b2	GBBy5u16osNyQTMU06Xt	2013-03-25 17:37:55.554	\N	2013-03-25 17:07:55.554	i2b2	\N
i2b2	w8FNNjD7OpQTrFNhbuSD	2013-03-25 17:37:58.138	\N	2013-03-25 17:07:58.138	i2b2	\N
i2b2	vA4H3ZytMEzfnGWBxipJ	2013-03-25 17:37:59.662	\N	2013-03-25 17:07:59.662	i2b2	\N
i2b2	QTc52bnaZ9PkZRqq2QPU	2013-03-25 17:38:16.566	\N	2013-03-25 17:08:16.566	i2b2	\N
i2b2	bkjxnKeseNUc1h5h9tOv	2013-03-25 17:38:16.751	\N	2013-03-25 17:08:16.751	i2b2	\N
i2b2	pglgBiS4QyulD8Sg2hUK	2013-03-25 17:38:17.209	\N	2013-03-25 17:08:17.209	i2b2	\N
i2b2	F9QmRviOCMiAKSkRxwD6	2013-03-25 17:38:17.598	\N	2013-03-25 17:08:17.598	i2b2	\N
i2b2	GxSdarVutjup4nyRVKIh	2013-03-25 17:41:02.439	\N	2013-03-25 17:11:02.439	i2b2	\N
i2b2	4rt348PlR403ugazROn3	2013-03-25 17:41:05.321	\N	2013-03-25 17:11:05.321	i2b2	\N
i2b2	aBMHGJLofx2BUCSdJSxT	2013-03-25 17:41:19.191	\N	2013-03-25 17:11:19.191	i2b2	\N
i2b2	CaOvJPjMcXNXLB5M43OY	2013-03-26 11:36:12.448	\N	2013-03-26 11:06:12.448	i2b2	\N
i2b2	vySv5oxWGMAjyuCGFj3s	2013-03-26 11:38:06.973	\N	2013-03-26 11:08:06.974	i2b2	\N
i2b2	KO5Z62WIcwIipNQgL1hX	2013-03-26 11:39:06.545	\N	2013-03-26 11:09:06.545	i2b2	\N
i2b2	7UjSuruJV2Xqm68tzF7r	2013-03-26 11:40:41.613	\N	2013-03-26 11:10:41.613	i2b2	\N
i2b2	OAtgQAP1vP1gGZCUCjTX	2013-03-26 11:43:53.256	\N	2013-03-26 11:13:53.256	i2b2	\N
i2b2	xnJhhRiNxbPAqHGXI2Zu	2013-03-26 11:43:54.376	\N	2013-03-26 11:13:54.376	i2b2	\N
i2b2	14pXDdAhBgtxX2KBNRqm	2013-03-26 11:43:54.669	\N	2013-03-26 11:13:54.669	i2b2	\N
i2b2	121YDengoUWUwfVL02rh	2013-03-26 11:43:55.614	\N	2013-03-26 11:13:55.614	i2b2	\N
i2b2	85G2IUG2stQTvRXyC56H	2013-03-26 11:54:03.254	\N	2013-03-26 11:24:03.254	i2b2	\N
i2b2	2VUMCdsqAnMyr6fMSoOD	2013-03-26 11:55:02.656	\N	2013-03-26 11:25:02.656	i2b2	\N
i2b2	PjUBNIjUmb2Opahifwk2	2013-03-26 11:55:05.67	\N	2013-03-26 11:25:05.67	i2b2	\N
i2b2	BWEnybf49mKAKrTJ9ZiE	2013-03-26 11:55:09.633	\N	2013-03-26 11:25:09.633	i2b2	\N
i2b2	0EEs995wagIljtA7EY5u	2013-03-26 11:55:12.018	\N	2013-03-26 11:25:12.018	i2b2	\N
i2b2	EKafjTRju2aCGujgP2GM	2013-03-26 11:55:42.563	\N	2013-03-26 11:25:42.563	i2b2	\N
i2b2	mvMrIHxaBZDlFXZg5y6h	2013-03-26 11:55:42.834	\N	2013-03-26 11:25:42.834	i2b2	\N
i2b2	C14GicjYlsKnYHouiubI	2013-03-26 11:55:43.098	\N	2013-03-26 11:25:43.098	i2b2	\N
i2b2	O3IttPUDZgQT2qTj3EY8	2013-03-26 11:55:43.558	\N	2013-03-26 11:25:43.559	i2b2	\N
i2b2	BUymYe8td4EbXr201bzX	2013-03-26 11:58:26.847	\N	2013-03-26 11:28:26.847	i2b2	\N
i2b2	lPel7fI1HgIh41tE93Q2	2013-03-26 11:58:27.105	\N	2013-03-26 11:28:27.105	i2b2	\N
i2b2	ZAAlZ9TVbIyerrwLMrMJ	2013-03-26 11:58:27.339	\N	2013-03-26 11:28:27.339	i2b2	\N
i2b2	XCGs1KgWrMosCpVwTFXT	2013-03-26 11:58:27.848	\N	2013-03-26 11:28:27.848	i2b2	\N
i2b2	QpWLro998bYfCqInMk9t	2013-03-26 11:58:50.752	\N	2013-03-26 11:28:50.752	i2b2	\N
i2b2	3aFSop3HskptBqMreFgP	2013-03-26 11:58:56.141	\N	2013-03-26 11:28:56.141	i2b2	\N
i2b2	Qm7ItsqWYWUc8iB82Ojn	2013-03-26 11:58:58.276	\N	2013-03-26 11:28:58.276	i2b2	\N
i2b2	MrZau2XPRDKsIGjpHdxu	2013-03-26 11:59:00.126	\N	2013-03-26 11:29:00.126	i2b2	\N
i2b2	Q2rwH2S42U3De4niYDaO	2013-03-26 11:59:00.332	\N	2013-03-26 11:29:00.332	i2b2	\N
i2b2	OmJ8mh2NNdd6tsA2JLlo	2013-03-26 11:59:00.551	\N	2013-03-26 11:29:00.551	i2b2	\N
i2b2	l22KUCTZ55qoIh3H8hbq	2013-03-26 11:59:00.972	\N	2013-03-26 11:29:00.972	i2b2	\N
i2b2	BIoD3ytSJ92kCPceThEq	2013-03-26 12:09:17.233	\N	2013-03-26 11:39:17.233	i2b2	\N
i2b2	kHp96isIDPBudYThkVfK	2013-03-26 12:09:19.677	\N	2013-03-26 11:39:19.677	i2b2	\N
i2b2	JpnMGphw6JfN99sCHl8c	2013-03-26 12:09:21.362	\N	2013-03-26 11:39:21.362	i2b2	\N
i2b2	X4T3TWxlqHBAXp5KFIyc	2013-03-26 12:09:32.328	\N	2013-03-26 11:39:32.328	i2b2	\N
i2b2	Ui5n7xctWpLGCq8Cr0AR	2013-03-26 12:09:52.35	\N	2013-03-26 11:39:52.35	i2b2	\N
i2b2	Tna4MtjmA84fbrwrMmUK	2013-03-26 12:09:52.577	\N	2013-03-26 11:39:52.577	i2b2	\N
i2b2	kxXJOkUG3SZd1YTKpMA5	2013-03-26 12:09:53.083	\N	2013-03-26 11:39:53.083	i2b2	\N
i2b2	NjlFZqHhAWNBNFnKBp0H	2013-03-26 12:09:53.534	\N	2013-03-26 11:39:53.534	i2b2	\N
i2b2	6EoK9Sddbrp0Nh3hM6MI	2013-03-26 12:16:25.688	\N	2013-03-26 11:46:25.688	i2b2	\N
i2b2	NsCCojXHx1pZy2ZX3zM6	2013-03-26 12:16:31.176	\N	2013-03-26 11:46:31.176	i2b2	\N
i2b2	pyLAGYKQOhjtNLqhI5g6	2013-03-26 12:16:46.244	\N	2013-03-26 11:46:46.245	i2b2	\N
i2b2	r29AGUuOuOJk68IWttHa	2013-03-26 12:16:48.031	\N	2013-03-26 11:46:48.031	i2b2	\N
i2b2	8tSfLBDI9iNZhPlv4mPO	2013-03-26 12:17:05.382	\N	2013-03-26 11:47:05.382	i2b2	\N
i2b2	17jhmGUyU7S7y5VqW120	2013-03-26 12:17:05.589	\N	2013-03-26 11:47:05.589	i2b2	\N
i2b2	aWuk3JZTHFG2uymVDR6W	2013-03-26 12:17:05.806	\N	2013-03-26 11:47:05.806	i2b2	\N
i2b2	tD125N6rQXc5cjfMh3yu	2013-03-26 12:17:06.229	\N	2013-03-26 11:47:06.229	i2b2	\N
i2b2	pbGXlDXxjBdd6RYwhVx1	2013-03-26 13:16:35.4	\N	2013-03-26 12:46:35.4	i2b2	\N
i2b2	cMkCH2FvqMiJ2ARyCprL	2013-03-26 13:16:37.614	\N	2013-03-26 12:46:37.614	i2b2	\N
i2b2	ffqimhd3nJEWSpDEL3Qn	2013-03-26 13:16:46.577	\N	2013-03-26 12:46:46.577	i2b2	\N
i2b2	JJSx776VbVJLZKTFCmhp	2013-03-26 13:16:50.037	\N	2013-03-26 12:46:50.038	i2b2	\N
i2b2	jYBHMMyl31bcbhB8aszr	2013-03-26 13:17:14.961	\N	2013-03-26 12:47:14.961	i2b2	\N
i2b2	AfSNq4nFuOIlJj8njVjH	2013-03-26 13:17:15.264	\N	2013-03-26 12:47:15.264	i2b2	\N
i2b2	HxZBUTHaneOjy198Q4vN	2013-03-26 13:17:15.472	\N	2013-03-26 12:47:15.472	i2b2	\N
i2b2	lfLKZ18w3q3Wsy1q9cO9	2013-03-26 13:17:16.114	\N	2013-03-26 12:47:16.114	i2b2	\N
i2b2	reAp6i4YQPhvByMo5mtV	2013-03-26 14:00:45.794	\N	2013-03-26 13:30:45.794	i2b2	\N
i2b2	ocPj4PiKMOZIV8K3KqqE	2013-03-26 14:01:11.708	\N	2013-03-26 13:31:11.708	i2b2	\N
i2b2	Yv85sbSZXGOgpywRBUQx	2013-03-26 14:01:21.374	\N	2013-03-26 13:31:21.374	i2b2	\N
i2b2	nPhWUPE256ANytRK64lE	2013-03-26 14:01:23.028	\N	2013-03-26 13:31:23.028	i2b2	\N
i2b2	jq1y5PJUQtUFb1aiGyRb	2013-03-26 14:01:45.657	\N	2013-03-26 13:31:45.657	i2b2	\N
i2b2	BkWusZlWytepFTtIA9P3	2013-03-26 14:01:45.913	\N	2013-03-26 13:31:45.913	i2b2	\N
i2b2	IMv9xXHBxxNKkDNsPfPg	2013-03-26 14:01:46.118	\N	2013-03-26 13:31:46.118	i2b2	\N
i2b2	C3e6gvYts8wFeTyppIup	2013-03-26 14:01:46.594	\N	2013-03-26 13:31:46.594	i2b2	\N
i2b2	P8csVc013iwf24kvTJdX	2013-03-26 14:06:33.118	\N	2013-03-26 13:36:33.118	i2b2	\N
i2b2	YIkgt0H0Vbwp2ZfU3FYd	2013-03-26 14:06:36.012	\N	2013-03-26 13:36:36.012	i2b2	\N
i2b2	7NkD0FaaDfKgDqmcSwyJ	2013-03-26 14:06:43.209	\N	2013-03-26 13:36:43.209	i2b2	\N
i2b2	ND6fimxEhvzlj7DHAznJ	2013-03-26 14:06:45.912	\N	2013-03-26 13:36:45.912	i2b2	\N
i2b2	wI8bahKfXncH1auIUhHW	2013-03-26 14:07:06.626	\N	2013-03-26 13:37:06.626	i2b2	\N
i2b2	O9BzCp4AVYsqeMJe2vwP	2013-03-26 14:07:06.834	\N	2013-03-26 13:37:06.834	i2b2	\N
i2b2	DRekGiSnjVE5BLimG7c6	2013-03-26 14:07:07.031	\N	2013-03-26 13:37:07.031	i2b2	\N
i2b2	7nsoSyktFFJ2BuUfCDLq	2013-03-26 14:07:07.436	\N	2013-03-26 13:37:07.436	i2b2	\N
i2b2	qaBqwJ9JpnRyShsg6jES	2013-03-26 14:14:20.978	\N	2013-03-26 13:44:20.978	i2b2	\N
i2b2	CKw24wmzS2ybiYEor3ZC	2013-03-26 14:15:27.8	\N	2013-03-26 13:45:27.8	i2b2	\N
i2b2	rhdr0G5MpojmGp5YfRWX	2013-03-26 14:15:32.502	\N	2013-03-26 13:45:32.502	i2b2	\N
i2b2	nvxQL1seDCFRFIZZQoot	2013-03-26 14:15:35.488	\N	2013-03-26 13:45:35.488	i2b2	\N
i2b2	1R9im7jjlgtFdgAS4CMR	2013-03-26 14:15:41.036	\N	2013-03-26 13:45:41.036	i2b2	\N
i2b2	Sihn5fmBflGR1TvH7Bix	2013-03-26 14:15:56.206	\N	2013-03-26 13:45:56.206	i2b2	\N
i2b2	9Kw8KoiA471AOyLXPcpE	2013-03-26 14:15:56.413	\N	2013-03-26 13:45:56.413	i2b2	\N
i2b2	NNYe3nQP7TF9oIaVgjmJ	2013-03-26 14:15:56.615	\N	2013-03-26 13:45:56.615	i2b2	\N
i2b2	m5eg3ukiYDoZZpoXkRhG	2013-03-26 14:15:57.072	\N	2013-03-26 13:45:57.072	i2b2	\N
i2b2	SZnsChAtZdlxxgnI48Ep	2013-03-26 14:34:11.011	\N	2013-03-26 14:04:11.011	i2b2	\N
i2b2	6qps43K91kMmJoBASln2	2013-03-26 14:34:13.358	\N	2013-03-26 14:04:13.358	i2b2	\N
i2b2	aVwhL9beC2sWsZIHKkT1	2013-03-26 14:34:21.053	\N	2013-03-26 14:04:21.053	i2b2	\N
i2b2	43wcKudgUkTGn1UlPi5e	2013-03-26 14:34:22.525	\N	2013-03-26 14:04:22.525	i2b2	\N
i2b2	NCd9m6JdfrEpjnqx4gZu	2013-03-26 14:34:41.526	\N	2013-03-26 14:04:41.526	i2b2	\N
i2b2	f1A3BoZJms3geL4n46Yf	2013-03-26 14:34:41.752	\N	2013-03-26 14:04:41.752	i2b2	\N
i2b2	sidsz2ZRlUnMJcRZ7YFz	2013-03-26 14:34:41.94	\N	2013-03-26 14:04:41.94	i2b2	\N
i2b2	jF4vaBw3LFVxiKrc7CoH	2013-03-26 14:34:42.398	\N	2013-03-26 14:04:42.398	i2b2	\N
i2b2	klkOmGYc7El9QC5ET2r6	2013-03-26 14:36:59.886	\N	2013-03-26 14:06:59.886	i2b2	\N
i2b2	gCGl8a2nDNFYkfr1TxPJ	2013-03-26 14:37:02.32	\N	2013-03-26 14:07:02.32	i2b2	\N
i2b2	hbzHXh8StzLuH7sUd8O8	2013-03-26 14:37:10.893	\N	2013-03-26 14:07:10.893	i2b2	\N
i2b2	WIKCeoD6QA6iW4eQ4xmz	2013-03-26 14:37:13.202	\N	2013-03-26 14:07:13.202	i2b2	\N
i2b2	ALJ4xbV2GUBGmzej0U3T	2013-03-26 14:37:29.628	\N	2013-03-26 14:07:29.628	i2b2	\N
i2b2	i5s532MKqFLnewkdKZ3E	2013-03-26 14:37:29.826	\N	2013-03-26 14:07:29.826	i2b2	\N
i2b2	ykPniw8MD16J3CkAmkio	2013-03-26 14:37:30.013	\N	2013-03-26 14:07:30.013	i2b2	\N
i2b2	qruNHwQjCmMtseILk8Xd	2013-03-26 14:37:30.412	\N	2013-03-26 14:07:30.412	i2b2	\N
i2b2	3T3nTnUeSNP3D2b1wcUz	2013-03-26 15:14:39.498	\N	2013-03-26 14:44:39.498	i2b2	\N
i2b2	SPP3eg6EetlOyIvnMmEF	2013-03-26 15:14:46.624	\N	2013-03-26 14:44:46.624	i2b2	\N
i2b2	QhF9zOT7I6mQYo4Ht7d6	2013-03-26 15:14:53.333	\N	2013-03-26 14:44:53.333	i2b2	\N
i2b2	lldzMJJdrSrVzDloXVcl	2013-03-26 15:14:55.58	\N	2013-03-26 14:44:55.58	i2b2	\N
i2b2	9bGaDbEnCLTAYFXG9NRo	2013-03-26 15:24:01.04	\N	2013-03-26 14:54:01.04	i2b2	\N
i2b2	eJUWdS28Y8ona4qxXi64	2013-03-26 15:24:03.79	\N	2013-03-26 14:54:03.79	i2b2	\N
i2b2	TeKP0LR9ecWk7ce1nqYl	2013-03-26 15:24:15.548	\N	2013-03-26 14:54:15.548	i2b2	\N
i2b2	mE1H3sEimChiWD65akqz	2013-03-26 15:24:18.195	\N	2013-03-26 14:54:18.195	i2b2	\N
i2b2	UEnTlWgG3ixhvHJu9xPC	2013-03-26 15:24:48.058	\N	2013-03-26 14:54:48.058	i2b2	\N
i2b2	bow2a2AND1tSaQ9qbcYC	2013-03-26 15:24:48.31	\N	2013-03-26 14:54:48.31	i2b2	\N
i2b2	WqSlsFQDWfNN6Vjvsem3	2013-03-26 15:24:48.505	\N	2013-03-26 14:54:48.505	i2b2	\N
i2b2	apZyfgrcRJANNDJDeIaH	2013-03-26 15:24:48.965	\N	2013-03-26 14:54:48.965	i2b2	\N
i2b2	9O3BlIOwRdI5Ogz1i5k9	2013-03-26 15:27:43.981	\N	2013-03-26 14:57:43.981	i2b2	\N
i2b2	pjO7V9jql1ICpNi2aV7s	2013-03-26 15:27:47.501	\N	2013-03-26 14:57:47.502	i2b2	\N
i2b2	Ypua4jycF1vXMZvLzbt1	2013-03-26 15:27:55.922	\N	2013-03-26 14:57:55.922	i2b2	\N
i2b2	kz9PxFxXCXQ8rFXLpqkC	2013-03-26 15:27:58.155	\N	2013-03-26 14:57:58.155	i2b2	\N
i2b2	Is4p21qLyuN9TixWMVfm	2013-03-26 15:28:12.024	\N	2013-03-26 14:58:12.024	i2b2	\N
i2b2	ry5rw6STqVzCuDvuBffd	2013-03-26 15:28:12.223	\N	2013-03-26 14:58:12.223	i2b2	\N
i2b2	LEBjxHAVVfrszgm3R72W	2013-03-26 15:28:12.419	\N	2013-03-26 14:58:12.419	i2b2	\N
i2b2	rtL0ibuUXKiROFublgWu	2013-03-26 15:28:12.852	\N	2013-03-26 14:58:12.852	i2b2	\N
i2b2	preo1AbWMu2CTuEi3d81	2013-03-26 15:32:51.14	\N	2013-03-26 15:02:51.14	i2b2	\N
i2b2	eBCyuzyBSc8DsgVv5JbL	2013-03-26 15:34:44.568	\N	2013-03-26 15:04:44.568	i2b2	\N
i2b2	NNEmsMnTDDf68CRhi3rB	2013-03-26 15:34:48.829	\N	2013-03-26 15:04:48.829	i2b2	\N
i2b2	FCRY6yAolkngGnRDGCyk	2013-03-26 15:34:50.789	\N	2013-03-26 15:04:50.789	i2b2	\N
i2b2	1BrEAnXJBe62LsWdNBU6	2013-03-26 15:35:11.868	\N	2013-03-26 15:05:11.868	i2b2	\N
i2b2	ndvBZ3tIg7NoJ7usZmH7	2013-03-26 15:35:12.073	\N	2013-03-26 15:05:12.073	i2b2	\N
i2b2	wjWL183LXJXSSKnEulxq	2013-03-26 15:35:12.265	\N	2013-03-26 15:05:12.265	i2b2	\N
i2b2	pF8YxawANaLBf6X72zgr	2013-03-26 15:35:12.689	\N	2013-03-26 15:05:12.689	i2b2	\N
i2b2	mvsbFFGMLQi7AdO4pwUh	2013-03-26 15:38:42.871	\N	2013-03-26 15:08:42.871	i2b2	\N
i2b2	zTYRTeOdKDUDAfWuosx5	2013-03-26 15:38:47.224	\N	2013-03-26 15:08:47.224	i2b2	\N
i2b2	ziU86kIAtZpvE3iFncer	2013-03-26 15:38:50.879	\N	2013-03-26 15:08:50.879	i2b2	\N
i2b2	isgZOTBYXE6JjnrbUBQm	2013-03-26 15:38:53.019	\N	2013-03-26 15:08:53.019	i2b2	\N
i2b2	xATjanypGVXpBBiVeuvj	2013-03-26 15:39:34.529	\N	2013-03-26 15:09:34.529	i2b2	\N
i2b2	5qrKthUi2nj6au9TapoF	2013-03-26 15:39:34.73	\N	2013-03-26 15:09:34.73	i2b2	\N
i2b2	38ER9lol4EvXekh0RcVg	2013-03-26 15:39:34.915	\N	2013-03-26 15:09:34.915	i2b2	\N
i2b2	zkaewnUUMVwSOnjyZSgj	2013-03-26 15:39:35.34	\N	2013-03-26 15:09:35.34	i2b2	\N
i2b2	rB4dGJQD54zNGMHJmkRd	2013-03-26 15:41:43.405	\N	2013-03-26 15:11:43.405	i2b2	\N
i2b2	xr8ZnX96g908bldKwLue	2013-03-26 15:41:47.358	\N	2013-03-26 15:11:47.358	i2b2	\N
i2b2	xAVRncBSCe92aP8j2jlF	2013-03-26 15:41:56.775	\N	2013-03-26 15:11:56.776	i2b2	\N
i2b2	eJsanYwUBRkkc35lHqwf	2013-03-26 15:41:59.923	\N	2013-03-26 15:11:59.923	i2b2	\N
i2b2	XWlsFS3KYx8NAFoXo7oS	2013-03-26 15:42:01.636	\N	2013-03-26 15:12:01.636	i2b2	\N
i2b2	8L8nTNXf9GCYHAJx83du	2013-03-26 15:42:20.436	\N	2013-03-26 15:12:20.436	i2b2	\N
i2b2	1oRGXgZWNBqfqXD4lAzj	2013-03-26 15:42:20.628	\N	2013-03-26 15:12:20.628	i2b2	\N
i2b2	IiF4ExNYxViTHYT56bnz	2013-03-26 15:42:20.815	\N	2013-03-26 15:12:20.815	i2b2	\N
i2b2	yYn1FfHqDjDbu9PCOpZi	2013-03-26 15:42:21.241	\N	2013-03-26 15:12:21.241	i2b2	\N
i2b2	O6PibaRPjWFSrOi4rxso	2013-03-26 15:45:40.82	\N	2013-03-26 15:15:40.82	i2b2	\N
i2b2	HzhozQdZHng8kOUL2uZw	2013-03-26 15:45:45.532	\N	2013-03-26 15:15:45.532	i2b2	\N
i2b2	27HIL5BOrP7WrZry8vqW	2013-03-26 15:45:52.471	\N	2013-03-26 15:15:52.471	i2b2	\N
i2b2	hBk6DgExiVDEgh51ykgG	2013-03-26 15:45:54.476	\N	2013-03-26 15:15:54.476	i2b2	\N
i2b2	4RrcPzwZ5Eun4C8CYm5W	2013-03-26 15:45:57.164	\N	2013-03-26 15:15:57.164	i2b2	\N
i2b2	AOKIHodVsHS3yfjD3r7N	2013-03-26 15:45:58.647	\N	2013-03-26 15:15:58.647	i2b2	\N
i2b2	Jw30MuspC1WK1avmIPhk	2013-03-26 15:46:13.231	\N	2013-03-26 15:16:13.231	i2b2	\N
i2b2	jFDrGHU2oPwx29qVZgN7	2013-03-26 15:46:13.426	\N	2013-03-26 15:16:13.426	i2b2	\N
i2b2	38cDKOFkSmHgCujM1zli	2013-03-26 15:46:13.618	\N	2013-03-26 15:16:13.618	i2b2	\N
i2b2	A19dS9AqxMS6DqrA9wBb	2013-03-26 15:46:14.042	\N	2013-03-26 15:16:14.042	i2b2	\N
i2b2	3unxCeAw19GkZh7ipfPW	2013-03-26 16:02:46.491	\N	2013-03-26 15:32:46.492	i2b2	\N
i2b2	eMX4Uw1JfQc5rm7YZH8Z	2013-03-26 16:02:49.154	\N	2013-03-26 15:32:49.154	i2b2	\N
i2b2	DNU6JrZk8p9Cf9nBVOmD	2013-03-26 16:02:50.405	\N	2013-03-26 15:32:50.405	i2b2	\N
i2b2	5qWtTrNeroxCmH9Xz7S3	2013-03-26 16:02:53.27	\N	2013-03-26 15:32:53.27	i2b2	\N
i2b2	vQeynTV6UPd6GIjQqBdT	2013-03-26 16:02:55.949	\N	2013-03-26 15:32:55.949	i2b2	\N
i2b2	3W31u9fb6EvNVk0sszEd	2013-03-26 16:03:28.481	\N	2013-03-26 15:33:28.481	i2b2	\N
i2b2	OfVWTOMvGvMQuPxngzSi	2013-03-26 16:03:28.687	\N	2013-03-26 15:33:28.687	i2b2	\N
i2b2	bsDMAzsNlu3jCwsAamkw	2013-03-26 16:03:28.875	\N	2013-03-26 15:33:28.875	i2b2	\N
i2b2	lTlndufSmActyb6pt8iQ	2013-03-26 16:03:29.274	\N	2013-03-26 15:33:29.274	i2b2	\N
i2b2	N7V4r22TspQ6MCOIvIps	2013-03-26 16:12:49.343	\N	2013-03-26 15:42:49.343	i2b2	\N
i2b2	pe9xC15rbtu6QFRJZ84h	2013-03-26 16:12:52.888	\N	2013-03-26 15:42:52.888	i2b2	\N
i2b2	oiXmneW7ioI4eyIrBntM	2013-03-26 16:12:59.831	\N	2013-03-26 15:42:59.831	i2b2	\N
i2b2	mBO2ttwJlqJodbBdTJdI	2013-03-26 16:13:01.473	\N	2013-03-26 15:43:01.473	i2b2	\N
i2b2	Zz1L21DacqEnrVgjvBFJ	2013-03-26 16:13:17.504	\N	2013-03-26 15:43:17.504	i2b2	\N
i2b2	e3VHakpxkq3NJnaxnX1X	2013-03-26 16:13:17.701	\N	2013-03-26 15:43:17.701	i2b2	\N
i2b2	tU7pPQDWFyldvSp1UcK4	2013-03-26 16:13:17.889	\N	2013-03-26 15:43:17.889	i2b2	\N
i2b2	y2QSNZcEzuuSpqFC4ga8	2013-03-26 16:13:18.728	\N	2013-03-26 15:43:18.728	i2b2	\N
i2b2	yhL4s4SdBvV1xXi3TA1b	2013-03-26 16:14:44.467	\N	2013-03-26 15:44:44.467	i2b2	\N
i2b2	xscrw2te8tPCMj2CmbPw	2013-03-26 16:14:46.585	\N	2013-03-26 15:44:46.585	i2b2	\N
i2b2	t2t0PXYDQ3wmXiAgq9wH	2013-03-26 16:14:49.634	\N	2013-03-26 15:44:49.634	i2b2	\N
i2b2	GYYQwsR6UI16mIBlTB3V	2013-03-26 16:14:51.508	\N	2013-03-26 15:44:51.508	i2b2	\N
i2b2	px5L823ycZELRlwHEugY	2013-03-26 16:14:52.83	\N	2013-03-26 15:44:52.83	i2b2	\N
i2b2	A7zEHYXtfWwywSGMDnmn	2013-03-26 16:15:18.185	\N	2013-03-26 15:45:18.185	i2b2	\N
i2b2	eGkdWbDCi5RyvchaQbaA	2013-03-26 16:15:18.383	\N	2013-03-26 15:45:18.383	i2b2	\N
i2b2	XGeS6NE5PTPl3yy8BYoO	2013-03-26 16:15:18.572	\N	2013-03-26 15:45:18.572	i2b2	\N
i2b2	qaDCSYHt7D8oyoQ4spFp	2013-03-26 16:15:19.007	\N	2013-03-26 15:45:19.007	i2b2	\N
i2b2	qDUiWuYSeFs3q82EasA9	2013-03-26 16:17:32.791	\N	2013-03-26 15:47:32.791	i2b2	\N
i2b2	xr1EBJ6bgLtrlff49sbO	2013-03-26 16:17:34.865	\N	2013-03-26 15:47:34.865	i2b2	\N
i2b2	2RenltQOxId1Cy1pFblk	2013-03-26 16:17:40.343	\N	2013-03-26 15:47:40.343	i2b2	\N
i2b2	3j1MgZxGaaTAuMNmk12A	2013-03-26 16:17:42.103	\N	2013-03-26 15:47:42.103	i2b2	\N
i2b2	VB2l1CxbVXtGosmXCtdl	2013-03-26 16:17:57.582	\N	2013-03-26 15:47:57.582	i2b2	\N
i2b2	zrfC2VUI6gVKTsCe8KfR	2013-03-26 16:17:57.771	\N	2013-03-26 15:47:57.771	i2b2	\N
i2b2	4up9cm36P6ZvuAZHurMc	2013-03-26 16:17:57.966	\N	2013-03-26 15:47:57.966	i2b2	\N
i2b2	iFviFLCEkVbfqTe4GSJn	2013-03-26 16:17:58.366	\N	2013-03-26 15:47:58.366	i2b2	\N
i2b2	l3DmsJAUCVxIxaTSEwxK	2013-03-26 16:38:53.975	\N	2013-03-26 16:08:53.975	i2b2	\N
i2b2	XoapD4mYvQWlQqLl2a9j	2013-03-26 16:38:56.067	\N	2013-03-26 16:08:56.068	i2b2	\N
i2b2	OVvFWqPsGOiGGeyFfVC6	2013-03-26 16:39:03.511	\N	2013-03-26 16:09:03.511	i2b2	\N
i2b2	NFHWH7VxVdbkd61syTSi	2013-03-26 16:39:05.82	\N	2013-03-26 16:09:05.82	i2b2	\N
i2b2	loMdcbRZOEJZtGZ9TJCb	2013-03-26 16:39:21.732	\N	2013-03-26 16:09:21.732	i2b2	\N
i2b2	9t8X85tz7WltUR2v4IQu	2013-03-26 16:39:21.953	\N	2013-03-26 16:09:21.953	i2b2	\N
i2b2	gEvSTdz6j6pg6A5prqxp	2013-03-26 16:39:22.14	\N	2013-03-26 16:09:22.14	i2b2	\N
i2b2	8JJYXvkx7GtwIKcMKtMS	2013-03-26 16:39:22.535	\N	2013-03-26 16:09:22.535	i2b2	\N
i2b2	MJsbduQgZdR1bPbBguDZ	2013-03-26 16:51:27.264	\N	2013-03-26 16:21:27.264	i2b2	\N
i2b2	oteg4POYWaSBnjPdztZr	2013-03-26 16:51:30.173	\N	2013-03-26 16:21:30.173	i2b2	\N
i2b2	yACgXIbDYqwBIJKsoigs	2013-03-26 16:52:03.87	\N	2013-03-26 16:22:03.87	i2b2	\N
i2b2	UpfD9vY5CTkM5T4IOEhV	2013-03-26 16:52:06.305	\N	2013-03-26 16:22:06.305	i2b2	\N
i2b2	bbIBvH8Hq5jNT2h2HusE	2013-03-26 16:52:18.619	\N	2013-03-26 16:22:18.619	i2b2	\N
i2b2	H8tENfmkgWec47LtNiMf	2013-03-26 16:52:18.808	\N	2013-03-26 16:22:18.808	i2b2	\N
i2b2	pdk8mUttb9A8qVJ5ah0L	2013-03-26 16:52:18.991	\N	2013-03-26 16:22:18.991	i2b2	\N
i2b2	KcTZACrpBQRJ1mdpGakm	2013-03-26 16:52:19.394	\N	2013-03-26 16:22:19.394	i2b2	\N
i2b2	gIcSBRlY7wB6bmcJDV9A	2013-03-26 16:53:37.446	\N	2013-03-26 16:23:37.447	i2b2	\N
i2b2	U2WwzVVm6seJh08ltMn1	2013-03-26 16:53:37.948	\N	2013-03-26 16:23:37.948	i2b2	\N
i2b2	I2TAETy2TwSAE5sEsWBO	2013-03-26 16:53:38.131	\N	2013-03-26 16:23:38.131	i2b2	\N
i2b2	oe15TkaT3wkePEqAqPgA	2013-03-26 16:53:38.322	\N	2013-03-26 16:23:38.322	i2b2	\N
i2b2	bjqg17cDQyvWb5XBqDsd	2013-03-26 16:53:38.506	\N	2013-03-26 16:23:38.507	i2b2	\N
i2b2	tvwhj4w7wbcalJ5gvQPp	2013-03-26 16:53:39.096	\N	2013-03-26 16:23:39.096	i2b2	\N
i2b2	bGlLvvdxxEUIylQ2iSID	2013-03-26 16:55:01.546	\N	2013-03-26 16:25:01.546	i2b2	\N
i2b2	aS95xV191UcqYj4rQ7Na	2013-03-26 16:55:11.863	\N	2013-03-26 16:25:11.863	i2b2	\N
i2b2	YCNNn7QmcVzoj1n3uEf4	2013-03-26 16:55:19.558	\N	2013-03-26 16:25:19.558	i2b2	\N
i2b2	T0lYRoUULpoTYBHxkutg	2013-03-26 16:55:21.86	\N	2013-03-26 16:25:21.86	i2b2	\N
i2b2	40AEWleJ8r8LIWNkNHd6	2013-03-26 16:55:30.059	\N	2013-03-26 16:25:30.059	i2b2	\N
i2b2	LmBQYPRmJirGGuWJSmZt	2013-03-26 16:55:33.175	\N	2013-03-26 16:25:33.175	i2b2	\N
i2b2	UAgB0LDC5Lib6s5F7Ful	2013-03-26 16:55:40.4	\N	2013-03-26 16:25:40.4	i2b2	\N
i2b2	caGkjnf0Zd0h4YahUkDl	2013-03-26 16:55:43.402	\N	2013-03-26 16:25:43.402	i2b2	\N
i2b2	ZJI3Y780pPsefBMJlFeY	2013-03-26 16:55:43.592	\N	2013-03-26 16:25:43.593	i2b2	\N
i2b2	Jq5ZGCChkueCsoPuDRVO	2013-03-26 16:55:43.781	\N	2013-03-26 16:25:43.781	i2b2	\N
i2b2	isu9Q0rAMbekxOzDs2io	2013-03-26 16:55:44.178	\N	2013-03-26 16:25:44.178	i2b2	\N
i2b2	HYFyU5GlN8Ysn8rNN0Ht	2013-03-26 18:51:22.26	\N	2013-03-26 18:21:22.26	i2b2	\N
i2b2	G4sC5R1ZN8pITEsHKBTj	2013-03-26 18:51:27.01	\N	2013-03-26 18:21:27.011	i2b2	\N
i2b2	eb9BIkaHoHmAI9pSkdv8	2013-03-26 18:51:35.708	\N	2013-03-26 18:21:35.708	i2b2	\N
i2b2	Rp1k2wjk97Ky6fJxuTjJ	2013-03-26 18:51:37.995	\N	2013-03-26 18:21:37.995	i2b2	\N
i2b2	9zelQxcfO3wjaa6QOd7y	2013-03-26 18:51:54.157	\N	2013-03-26 18:21:54.157	i2b2	\N
i2b2	UDbhIbN4ByaWQ7FGIeVA	2013-03-26 18:51:54.367	\N	2013-03-26 18:21:54.367	i2b2	\N
i2b2	uGdffsJPJJnNP3X2gKWs	2013-03-26 18:51:54.554	\N	2013-03-26 18:21:54.554	i2b2	\N
i2b2	81qOOufo5GcMEhOaAMVS	2013-03-26 18:51:54.957	\N	2013-03-26 18:21:54.957	i2b2	\N
i2b2	gH5juOrCmoMvG851U5qh	2013-03-27 10:22:15.816	\N	2013-03-27 09:52:15.816	i2b2	\N
i2b2	PSUmtl5AGFd4BFiOgu1E	2013-03-27 10:22:18.474	\N	2013-03-27 09:52:18.474	i2b2	\N
i2b2	GYxaDS2hfoGRcp5MiYtm	2013-03-27 10:22:22.251	\N	2013-03-27 09:52:22.251	i2b2	\N
i2b2	RMaxOmoFHWRJCeDr8VfW	2013-03-27 10:22:30.111	\N	2013-03-27 09:52:30.111	i2b2	\N
i2b2	otoNAls5egFoXkuzwQNQ	2013-03-27 10:22:45.125	\N	2013-03-27 09:52:45.125	i2b2	\N
i2b2	JQrfiVXUURxlI54gjArz	2013-03-27 10:22:45.406	\N	2013-03-27 09:52:45.406	i2b2	\N
i2b2	EJMlvjOrnR35G4GV39Lm	2013-03-27 10:22:45.592	\N	2013-03-27 09:52:45.592	i2b2	\N
i2b2	RX5FGLgtvENTSETUqAt1	2013-03-27 10:22:46.105	\N	2013-03-27 09:52:46.105	i2b2	\N
i2b2	KoXc3wEuMjnSrnz4aqHv	2013-03-27 10:26:33.389	\N	2013-03-27 09:56:33.389	i2b2	\N
i2b2	gTGcZgywCXpr1MOOlvt1	2013-03-27 10:26:35.82	\N	2013-03-27 09:56:35.82	i2b2	\N
i2b2	X5uWPALHatcOPY17lxB3	2013-03-27 10:26:44.607	\N	2013-03-27 09:56:44.607	i2b2	\N
i2b2	Popsaj9GK2se9xWD1fRD	2013-03-27 10:26:46.473	\N	2013-03-27 09:56:46.474	i2b2	\N
i2b2	InqO72wkAjshF8Ovz6oU	2013-03-27 10:27:08.101	\N	2013-03-27 09:57:08.102	i2b2	\N
i2b2	IesZWOH96Qfo8Dy3q6DP	2013-03-27 10:27:08.291	\N	2013-03-27 09:57:08.291	i2b2	\N
i2b2	LrQpv4GAChTINIZFut7G	2013-03-27 10:27:08.479	\N	2013-03-27 09:57:08.479	i2b2	\N
i2b2	ZWuIQsaj0Gd4m6Yz6Q3e	2013-03-27 10:27:08.879	\N	2013-03-27 09:57:08.879	i2b2	\N
i2b2	JWEdvsQ9P5NNg2RZV5Td	2013-03-27 10:34:37.292	\N	2013-03-27 10:04:37.292	i2b2	\N
i2b2	hSv23A6CEmoglLTg8RVg	2013-03-27 10:34:41.525	\N	2013-03-27 10:04:41.525	i2b2	\N
i2b2	lvtxqIVwyJGTP1dPdhmV	2013-03-27 10:34:42.701	\N	2013-03-27 10:04:42.701	i2b2	\N
i2b2	BYFx99HYnyaFLFppyHAd	2013-03-27 10:34:49.851	\N	2013-03-27 10:04:49.851	i2b2	\N
i2b2	0jf414O6iChgdHIFnHTw	2013-03-27 10:35:07.584	\N	2013-03-27 10:05:07.584	i2b2	\N
i2b2	xXKS8woE89CEsPdPOTTZ	2013-03-27 10:35:07.787	\N	2013-03-27 10:05:07.787	i2b2	\N
i2b2	repropFu1BQ9QWuAqODv	2013-03-27 10:35:07.975	\N	2013-03-27 10:05:07.975	i2b2	\N
i2b2	QqBivZr0sAWenFUNysoc	2013-03-27 10:35:08.38	\N	2013-03-27 10:05:08.38	i2b2	\N
i2b2	MbL8TeYdrygrQ6qcaVgJ	2013-03-27 10:35:41.574	\N	2013-03-27 10:05:41.574	i2b2	\N
i2b2	GKUXQ8qwsmMFBSyYSgfb	2013-03-27 10:36:28.531	\N	2013-03-27 10:06:28.531	i2b2	\N
i2b2	Q65ssAAotDxRCIsKNVbY	2013-03-27 10:36:41	\N	2013-03-27 10:06:41	i2b2	\N
i2b2	WJtxcAteY2N0SbNPTJz4	2013-03-27 10:36:42.875	\N	2013-03-27 10:06:42.875	i2b2	\N
i2b2	5svcCGpKoV4PbXHE91Xl	2013-03-27 10:38:59.225	\N	2013-03-27 10:08:59.225	i2b2	\N
i2b2	Sssxth0WUEd6JkVtjVbH	2013-03-27 10:38:59.415	\N	2013-03-27 10:08:59.415	i2b2	\N
i2b2	7gAJawVM9qUw0KiA3W2o	2013-03-27 10:38:59.598	\N	2013-03-27 10:08:59.598	i2b2	\N
i2b2	NYdglto2j9yeRfSjybw1	2013-03-27 10:39:00.021	\N	2013-03-27 10:09:00.022	i2b2	\N
i2b2	tIElEblGjcWhbqGIamlB	2013-03-27 10:43:34.775	\N	2013-03-27 10:13:34.775	i2b2	\N
i2b2	6qBu5fShJ2RoHpvFSuvH	2013-03-27 10:43:37.563	\N	2013-03-27 10:13:37.563	i2b2	\N
i2b2	hZz1Hmw6jCMrg4pMdU14	2013-03-27 10:43:43.488	\N	2013-03-27 10:13:43.488	i2b2	\N
i2b2	IxdCfewXwvnYAtc1gPUM	2013-03-27 10:43:52.952	\N	2013-03-27 10:13:52.952	i2b2	\N
i2b2	hfkIeGtRJ1bQLvKKarhl	2013-03-27 10:44:01.785	\N	2013-03-27 10:14:01.785	i2b2	\N
i2b2	sxSfVES8F5GBLc9K2hJ8	2013-03-27 10:44:27.025	\N	2013-03-27 10:14:27.025	i2b2	\N
i2b2	rYONdjzkuRAXgJyo48Ta	2013-03-27 10:44:27.214	\N	2013-03-27 10:14:27.214	i2b2	\N
i2b2	M2aVUWZOJWH8uX6Dyzfb	2013-03-27 10:44:27.412	\N	2013-03-27 10:14:27.412	i2b2	\N
i2b2	4rb66ZQFvtT7ErTD8nuA	2013-03-27 10:44:27.842	\N	2013-03-27 10:14:27.842	i2b2	\N
i2b2	4Nv8Fpt9UnR302WXP1BW	2013-03-27 10:48:37.691	\N	2013-03-27 10:18:37.691	i2b2	\N
i2b2	Hk2Qg1y7CvnNNngViNAJ	2013-03-27 10:48:39.811	\N	2013-03-27 10:18:39.811	i2b2	\N
i2b2	sm1XW4TLSxe3ArW8cCI1	2013-03-27 10:48:43.451	\N	2013-03-27 10:18:43.452	i2b2	\N
i2b2	NeOi0iFnZVmfb1E19oNv	2013-03-27 10:48:45.273	\N	2013-03-27 10:18:45.273	i2b2	\N
i2b2	EgsAqFgprpyfCNh6u2Jx	2013-03-27 10:49:07.271	\N	2013-03-27 10:19:07.271	i2b2	\N
i2b2	C7tJtRIbyyQl5bDKbsIp	2013-03-27 10:49:07.464	\N	2013-03-27 10:19:07.464	i2b2	\N
i2b2	f265XXGO7Hy7at1zJcPt	2013-03-27 10:49:07.649	\N	2013-03-27 10:19:07.649	i2b2	\N
i2b2	YNvQbuWnWQH1y5v6MR2b	2013-03-27 10:49:08.049	\N	2013-03-27 10:19:08.049	i2b2	\N
i2b2	kTRtiQSw9oRYYaLBxesa	2013-03-27 10:52:41.368	\N	2013-03-27 10:22:41.368	i2b2	\N
i2b2	BH2dUzKht3FlU06D5QSG	2013-03-27 10:52:44.569	\N	2013-03-27 10:22:44.569	i2b2	\N
i2b2	UecBLWqqbnrqXDDXab4j	2013-03-27 10:53:07.123	\N	2013-03-27 10:23:07.123	i2b2	\N
i2b2	EQSpww9IqPEg6LTHZ2Tv	2013-03-27 10:53:08.882	\N	2013-03-27 10:23:08.882	i2b2	\N
i2b2	jIrdqzqATXQfPDKEWCAT	2013-03-27 10:53:35.516	\N	2013-03-27 10:23:35.516	i2b2	\N
i2b2	gV8Sfo31ZEL8lZJKqoUo	2013-03-27 10:53:35.71	\N	2013-03-27 10:23:35.71	i2b2	\N
i2b2	8B9qg5A8gd5j07W8Rk5D	2013-03-27 10:53:35.897	\N	2013-03-27 10:23:35.897	i2b2	\N
i2b2	bcoLOearWVGxLm9WMuWD	2013-03-27 10:53:36.3	\N	2013-03-27 10:23:36.3	i2b2	\N
i2b2	kAJSyoEzHsi17MB4Fr3b	2013-03-27 11:11:32.759	\N	2013-03-27 10:41:32.759	i2b2	\N
i2b2	2aVdFU1YW2LsAFDvsf42	2013-03-27 11:12:17.847	\N	2013-03-27 10:42:17.847	i2b2	\N
i2b2	YODLF1i6JXjCc9UVg12v	2013-03-27 11:20:09.772	\N	2013-03-27 10:50:09.772	i2b2	\N
i2b2	hDqLnu842q4j74NIgLKQ	2013-03-27 11:20:11.422	\N	2013-03-27 10:50:11.422	i2b2	\N
i2b2	4Zt763SgQo4q6EVS56X2	2013-03-27 11:20:33.936	\N	2013-03-27 10:50:33.936	i2b2	\N
i2b2	K1WfKC2CHcJ6BnQEAtjs	2013-03-27 11:20:34.172	\N	2013-03-27 10:50:34.172	i2b2	\N
i2b2	WqNZvTxRUfE14wCroZji	2013-03-27 11:20:34.36	\N	2013-03-27 10:50:34.36	i2b2	\N
i2b2	p3tolA3hVuTmVqEfL1Q9	2013-03-27 11:20:35.159	\N	2013-03-27 10:50:35.159	i2b2	\N
i2b2	3foeimgEwEihQaL6rTrV	2013-03-27 11:23:55.765	\N	2013-03-27 10:53:55.765	i2b2	\N
i2b2	iXL3wAeWvH0YIXUp7Pwu	2013-03-27 11:23:58.861	\N	2013-03-27 10:53:58.861	i2b2	\N
i2b2	uD1NaLnQCFM2ObK0avpJ	2013-03-27 11:24:00.486	\N	2013-03-27 10:54:00.486	i2b2	\N
i2b2	ZtdUykSJDOo1bIS77lMO	2013-03-27 11:24:06.126	\N	2013-03-27 10:54:06.126	i2b2	\N
i2b2	Dh36EvlcPaFw3RwyGjNH	2013-03-27 11:24:35.805	\N	2013-03-27 10:54:35.805	i2b2	\N
i2b2	KDyTfshI3inUYJTNoseP	2013-03-27 11:24:35.996	\N	2013-03-27 10:54:35.996	i2b2	\N
i2b2	GThDJ83Xyi6jE5qfgLA7	2013-03-27 11:24:36.181	\N	2013-03-27 10:54:36.181	i2b2	\N
i2b2	pNQ3DwYjJoI1ExwWowWM	2013-03-27 11:24:36.584	\N	2013-03-27 10:54:36.584	i2b2	\N
i2b2	d5GMkkSe7JADnm8V65s5	2013-03-27 11:43:08.939	\N	2013-03-27 11:13:08.939	i2b2	\N
i2b2	ybIBMv02gP4ICSTWtWeP	2013-03-27 11:43:11.337	\N	2013-03-27 11:13:11.337	i2b2	\N
i2b2	scanedZM9OCWvgvNfZ7p	2013-03-27 11:57:12.073	\N	2013-03-27 11:27:12.073	i2b2	\N
i2b2	4kBg6TXIYRYqWUDcTkSB	2013-03-27 11:57:14.303	\N	2013-03-27 11:27:14.303	i2b2	\N
i2b2	8wiID4PUBLfLxw6WaLSW	2013-03-27 11:57:15.721	\N	2013-03-27 11:27:15.721	i2b2	\N
i2b2	JfjcwMR0CSKSCeo9yjJx	2013-03-27 11:57:22.195	\N	2013-03-27 11:27:22.195	i2b2	\N
i2b2	SnT3Q1Ufx3wwpMtrszhT	2013-03-27 11:57:37.682	\N	2013-03-27 11:27:37.682	i2b2	\N
i2b2	OKvGCz1NG8mcPQhn9UMt	2013-03-27 11:57:37.916	\N	2013-03-27 11:27:37.916	i2b2	\N
i2b2	6kP02mLndMUWfpPH1mBy	2013-03-27 11:57:38.103	\N	2013-03-27 11:27:38.103	i2b2	\N
i2b2	fEIvncVWFqQLTsW8UC5i	2013-03-27 11:57:38.654	\N	2013-03-27 11:27:38.654	i2b2	\N
i2b2	8DRM7EYwcsqs336hBCTd	2013-03-27 12:02:39.089	\N	2013-03-27 11:32:39.089	i2b2	\N
i2b2	DZqhXF1lCSgjNhDJwEIs	2013-03-27 12:02:41.317	\N	2013-03-27 11:32:41.317	i2b2	\N
i2b2	S7lpKu3YcnhekTYOekCP	2013-03-27 12:02:47.507	\N	2013-03-27 11:32:47.507	i2b2	\N
i2b2	LyR6Fbij73yq3qvwy3CG	2013-03-27 12:02:49.769	\N	2013-03-27 11:32:49.769	i2b2	\N
i2b2	XUPCwBYrjpb2KTanhPxF	2013-03-27 12:03:06.791	\N	2013-03-27 11:33:06.791	i2b2	\N
i2b2	k53SgVBo4nNi1HTvcB9H	2013-03-27 12:03:06.982	\N	2013-03-27 11:33:06.982	i2b2	\N
i2b2	eqls9HrP2WzsKnBRLUH8	2013-03-27 12:03:07.168	\N	2013-03-27 11:33:07.168	i2b2	\N
i2b2	lb9jJNTis3l9pmBDKbdA	2013-03-27 12:03:07.577	\N	2013-03-27 11:33:07.578	i2b2	\N
i2b2	WaEZk57OWMDiZps2rdr8	2013-03-27 12:21:08.394	\N	2013-03-27 11:51:08.394	i2b2	\N
i2b2	e4kHt1BPLAFbR65xfoiy	2013-03-27 12:21:14.823	\N	2013-03-27 11:51:14.823	i2b2	\N
i2b2	7yAxWBnLhDrrhKmBKFHA	2013-03-27 12:21:21.781	\N	2013-03-27 11:51:21.781	i2b2	\N
i2b2	rmNruZiH188crdUeP7QC	2013-03-27 12:21:23.808	\N	2013-03-27 11:51:23.808	i2b2	\N
i2b2	ohUPW5txLwcsLtCvjpY9	2013-03-27 12:21:25.348	\N	2013-03-27 11:51:25.348	i2b2	\N
i2b2	JmFnqqa2R1v3UsaVqpRq	2013-03-27 12:21:39.786	\N	2013-03-27 11:51:39.786	i2b2	\N
i2b2	yhzbKsb5L5eRQHHcojRL	2013-03-27 12:21:39.99	\N	2013-03-27 11:51:39.99	i2b2	\N
i2b2	vOFfPllzIxLjbCm6HOc7	2013-03-27 12:21:40.175	\N	2013-03-27 11:51:40.175	i2b2	\N
i2b2	3S432J47SxmTx47vSQtM	2013-03-27 12:21:40.676	\N	2013-03-27 11:51:40.676	i2b2	\N
i2b2	68iVbVicqxXA9SxhScZj	2013-03-27 12:25:58.412	\N	2013-03-27 11:55:58.412	i2b2	\N
i2b2	re8rvp5sxKgttpJ8Cwpt	2013-03-27 12:26:00.577	\N	2013-03-27 11:56:00.577	i2b2	\N
i2b2	XZPTq9IpdAZeEAmiEapi	2013-03-27 12:26:04.044	\N	2013-03-27 11:56:04.044	i2b2	\N
i2b2	BqdQ1s1hsN4PBK2ZXRts	2013-03-27 12:26:06.891	\N	2013-03-27 11:56:06.891	i2b2	\N
i2b2	eBKZLe8nw9TE6Qsp2BhV	2013-03-27 12:26:29.633	\N	2013-03-27 11:56:29.633	i2b2	\N
i2b2	m3mf3A7oEHFHxbH1dJUh	2013-03-27 12:26:29.822	\N	2013-03-27 11:56:29.822	i2b2	\N
i2b2	5IRfSY7LIdv9Oy9Z7lFI	2013-03-27 12:26:30.01	\N	2013-03-27 11:56:30.01	i2b2	\N
i2b2	G18UGsXdsWuVG98dVXhh	2013-03-27 12:26:30.444	\N	2013-03-27 11:56:30.444	i2b2	\N
i2b2	b49p7YZ3MAlJCoQsFk25	2013-03-27 12:27:01.946	\N	2013-03-27 11:57:01.946	i2b2	\N
i2b2	05Bdx49W6vtMpx4GRWTk	2013-03-27 12:27:38.626	\N	2013-03-27 11:57:38.626	i2b2	\N
i2b2	IdlYAMmuB7IbhjkKchO2	2013-03-27 12:27:45.766	\N	2013-03-27 11:57:45.766	i2b2	\N
i2b2	o9GT4WO3JeEqXqpQaCwC	2013-03-27 12:27:47.511	\N	2013-03-27 11:57:47.511	i2b2	\N
i2b2	I9welwWZRQGesV75pmv1	2013-03-27 12:28:03.98	\N	2013-03-27 11:58:03.98	i2b2	\N
i2b2	2PPMNwp3xiDevYbOSfyo	2013-03-27 12:28:04.176	\N	2013-03-27 11:58:04.176	i2b2	\N
i2b2	i9sdIuJbCBcR5UGXwUgF	2013-03-27 12:28:04.694	\N	2013-03-27 11:58:04.694	i2b2	\N
i2b2	7BuSBF8WOpvjEcSNTQrw	2013-03-27 12:28:05.097	\N	2013-03-27 11:58:05.097	i2b2	\N
i2b2	a8Ax1lCNnLh2VSXEKiT3	2013-03-27 13:38:10.638	\N	2013-03-27 13:08:10.638	i2b2	\N
i2b2	yodk0Hi4WdaymySDOaiP	2013-03-27 13:38:12.985	\N	2013-03-27 13:08:12.985	i2b2	\N
i2b2	DAGMtpErZkGEAfacAyxh	2013-03-27 13:38:17.205	\N	2013-03-27 13:08:17.205	i2b2	\N
i2b2	DwB9UNkJ61HFSuGQ1Fup	2013-03-27 13:38:18.492	\N	2013-03-27 13:08:18.492	i2b2	\N
i2b2	HM2Fm6TuMLhsfcbIV15r	2013-03-27 13:39:22.4	\N	2013-03-27 13:09:22.4	i2b2	\N
i2b2	4rDNiXOKoJ7Q8WPBM4mc	2013-03-27 13:44:15.025	\N	2013-03-27 13:14:15.025	i2b2	\N
i2b2	K3hyk0iSwPFkdh2X9E0z	2013-03-27 13:44:15.242	\N	2013-03-27 13:14:15.242	i2b2	\N
i2b2	7ylrD3YgNlMjA91wBZjF	2013-03-27 13:44:15.428	\N	2013-03-27 13:14:15.428	i2b2	\N
i2b2	jwUDqnzJqypSTBsiHVvf	2013-03-27 13:44:15.834	\N	2013-03-27 13:14:15.835	i2b2	\N
i2b2	NpHpqZjNW9hd5BJDdmKS	2013-03-27 14:07:17.9	\N	2013-03-27 13:37:17.9	i2b2	\N
i2b2	3snBJy4IOLJI8MpfRYXR	2013-03-27 14:09:47.25	\N	2013-03-27 13:39:47.25	i2b2	\N
i2b2	fPY6tMausFUMtQdP4tSP	2013-03-27 14:09:54.258	\N	2013-03-27 13:39:54.258	i2b2	\N
i2b2	MdpesrVflC97aJYzSksC	2013-03-27 14:09:56.498	\N	2013-03-27 13:39:56.498	i2b2	\N
i2b2	41oHFXPDlYgtQXrU6Tum	2013-03-27 14:10:11.592	\N	2013-03-27 13:40:11.592	i2b2	\N
i2b2	QWBa82qWKmgkd4RuFEaz	2013-03-27 14:10:11.83	\N	2013-03-27 13:40:11.83	i2b2	\N
i2b2	vgPmi2shFEJeb6akAOWi	2013-03-27 14:10:12.017	\N	2013-03-27 13:40:12.017	i2b2	\N
i2b2	7LyWMKvhWsK3Zp2uX2Rx	2013-03-27 14:10:12.53	\N	2013-03-27 13:40:12.53	i2b2	\N
i2b2	dPuCArEWydWGkOdCy7UJ	2013-03-27 14:11:15.636	\N	2013-03-27 13:41:15.636	i2b2	\N
i2b2	Y8fYwAJpeRs8TkeXVbrf	2013-03-27 14:35:01.409	\N	2013-03-27 14:05:01.409	i2b2	\N
i2b2	iDBKnypeL1N1eJrmnoZq	2013-03-27 14:35:05.567	\N	2013-03-27 14:05:05.567	i2b2	\N
i2b2	YLoP5lTiojm6VEnoB9VF	2013-03-27 14:35:17.393	\N	2013-03-27 14:05:17.393	i2b2	\N
i2b2	YPexavOrZjNnSEuXb3r9	2013-03-27 14:35:19.506	\N	2013-03-27 14:05:19.506	i2b2	\N
i2b2	iU3LwqM5OsNKjHDB4qbV	2013-03-27 14:35:40.076	\N	2013-03-27 14:05:40.076	i2b2	\N
i2b2	y77AIIr06BjwYjr4jwSr	2013-03-27 14:35:40.376	\N	2013-03-27 14:05:40.376	i2b2	\N
i2b2	sO9whIYwVOrwtAgis1OD	2013-03-27 14:35:40.573	\N	2013-03-27 14:05:40.573	i2b2	\N
i2b2	KwHEpxyBrDrQL7U1Yq38	2013-03-27 14:35:41.092	\N	2013-03-27 14:05:41.092	i2b2	\N
i2b2	4X6FXTrpOrfsB7XtMWbN	2013-03-27 14:38:07.66	\N	2013-03-27 14:08:07.66	i2b2	\N
i2b2	p38VesPZOjZ71FvoWlBO	2013-03-27 14:38:18.146	\N	2013-03-27 14:08:18.146	i2b2	\N
i2b2	MRuFPJcXonERT3i8ON2x	2013-03-27 14:38:25.401	\N	2013-03-27 14:08:25.401	i2b2	\N
i2b2	p3OCQRWxrKjcvRhpwZ5r	2013-03-27 14:38:27.807	\N	2013-03-27 14:08:27.807	i2b2	\N
i2b2	7GIviZKZycTfswi2u61F	2013-03-27 14:38:42.596	\N	2013-03-27 14:08:42.596	i2b2	\N
i2b2	SCHHkLtMAipxbEJVhhbT	2013-03-27 14:38:42.788	\N	2013-03-27 14:08:42.788	i2b2	\N
i2b2	o0K6niSpOxflywAPE4mQ	2013-03-27 14:38:42.976	\N	2013-03-27 14:08:42.976	i2b2	\N
i2b2	d041oVnSGicRQYIAuawL	2013-03-27 14:38:43.784	\N	2013-03-27 14:08:43.784	i2b2	\N
i2b2	EnKlJmiogJc61FRX9eRn	2013-03-27 14:41:23.472	\N	2013-03-27 14:11:23.472	i2b2	\N
i2b2	nhcmgPdnydYr7DTEBCKv	2013-03-27 14:41:25.837	\N	2013-03-27 14:11:25.837	i2b2	\N
i2b2	cKf6VSrceypndjwHVUnE	2013-03-27 14:41:33.881	\N	2013-03-27 14:11:33.881	i2b2	\N
i2b2	EOBEnwniiBPD5jrKcTvA	2013-03-27 14:41:40.733	\N	2013-03-27 14:11:40.733	i2b2	\N
i2b2	YiqdqAN6SeBByGmdARic	2013-03-27 14:41:57.734	\N	2013-03-27 14:11:57.734	i2b2	\N
i2b2	rX5b2WKDgB86QZMxxUeD	2013-03-27 14:41:57.923	\N	2013-03-27 14:11:57.923	i2b2	\N
i2b2	XuKiwMGY15NlCIGYcdpQ	2013-03-27 14:41:58.109	\N	2013-03-27 14:11:58.109	i2b2	\N
i2b2	zmagPILlUfwlP92DL4cU	2013-03-27 14:41:58.512	\N	2013-03-27 14:11:58.512	i2b2	\N
i2b2	nFte64UEIXcRM3JhIjGE	2013-03-27 14:50:53.823	\N	2013-03-27 14:20:53.823	i2b2	\N
i2b2	UnOLdUi2pd98rJhTVFDM	2013-03-27 14:51:22.349	\N	2013-03-27 14:21:22.349	i2b2	\N
i2b2	MmagWh5fc1DSpbaqcSC9	2013-03-27 14:51:23.637	\N	2013-03-27 14:21:23.637	i2b2	\N
i2b2	Fg8jAfiEo8f6jNR6afv5	2013-03-27 14:51:25.973	\N	2013-03-27 14:21:25.973	i2b2	\N
i2b2	er3OGSleD377rbPVgFVO	2013-03-27 14:51:50.08	\N	2013-03-27 14:21:50.08	i2b2	\N
i2b2	jVQH1n9v8n87J4ok2hxT	2013-03-27 14:51:50.305	\N	2013-03-27 14:21:50.305	i2b2	\N
i2b2	SgFMrMeQyj9x1ymK6r3Z	2013-03-27 14:51:50.518	\N	2013-03-27 14:21:50.518	i2b2	\N
i2b2	bf1wagD97XBad67UUP5x	2013-03-27 14:51:50.961	\N	2013-03-27 14:21:50.961	i2b2	\N
i2b2	kOgGrGZJs6ghqKGZLoAD	2013-03-27 14:58:18.407	\N	2013-03-27 14:28:18.408	i2b2	\N
i2b2	En0la2IPgBAXBCtth4yM	2013-03-27 14:58:26.271	\N	2013-03-27 14:28:26.271	i2b2	\N
i2b2	qkWG5yEpLuqfDWEyNaoJ	2013-03-27 14:58:36.81	\N	2013-03-27 14:28:36.81	i2b2	\N
i2b2	8DqlbE1RNdaDJFUhIjim	2013-03-27 14:58:38.985	\N	2013-03-27 14:28:38.985	i2b2	\N
i2b2	LYEuORgntIYAJTRdJ4cu	2013-03-27 14:59:00.517	\N	2013-03-27 14:29:00.517	i2b2	\N
i2b2	s5HttFecgeaQFa1qRXib	2013-03-27 14:59:00.708	\N	2013-03-27 14:29:00.708	i2b2	\N
i2b2	Xaq5Yko7HFAOFHHTpZik	2013-03-27 14:59:00.891	\N	2013-03-27 14:29:00.891	i2b2	\N
i2b2	P6gCLtMB9sgSRA6NlT4W	2013-03-27 14:59:01.306	\N	2013-03-27 14:29:01.306	i2b2	\N
i2b2	VsW2Gvhy1KxIwdB3XlnT	2013-03-27 15:13:44.257	\N	2013-03-27 14:43:44.257	i2b2	\N
i2b2	xlxBekkBs95rvwBpFJuD	2013-03-27 15:13:46.79	\N	2013-03-27 14:43:46.79	i2b2	\N
i2b2	2119rKFGQ4qoV4pm6Moq	2013-03-27 15:13:55.277	\N	2013-03-27 14:43:55.277	i2b2	\N
i2b2	Bre6FnUOY5IkKvatkWG7	2013-03-27 15:13:59.895	\N	2013-03-27 14:43:59.895	i2b2	\N
i2b2	RxoYQh6BvAT6JbYocSkf	2013-03-27 15:14:17.198	\N	2013-03-27 14:44:17.198	i2b2	\N
i2b2	IwY9MU7KU5Qq9mxmht0b	2013-03-27 15:14:17.414	\N	2013-03-27 14:44:17.414	i2b2	\N
i2b2	GyEwK6uiKx1PdqSfm8Ga	2013-03-27 15:14:17.595	\N	2013-03-27 14:44:17.595	i2b2	\N
i2b2	qEuziUFlnZ4M4N5BL9mB	2013-03-27 15:14:17.986	\N	2013-03-27 14:44:17.986	i2b2	\N
i2b2	H9aPWHePFD84n4Haf0P4	2013-03-27 15:17:17.853	\N	2013-03-27 14:47:17.853	i2b2	\N
i2b2	noCk6mbK5lEveGTEgX2O	2013-03-27 15:17:23.751	\N	2013-03-27 14:47:23.751	i2b2	\N
i2b2	HFF0WYmwOzjGAfh8juBe	2013-03-27 15:17:35.444	\N	2013-03-27 14:47:35.444	i2b2	\N
i2b2	oymqZY5w2bEL0zOPiJfC	2013-03-27 15:17:37.149	\N	2013-03-27 14:47:37.149	i2b2	\N
i2b2	7bFiI1CcewTcNC9AXnAy	2013-03-27 15:17:53.087	\N	2013-03-27 14:47:53.087	i2b2	\N
i2b2	kUXr8lJvGLHPUKX6oVEt	2013-03-27 15:17:53.273	\N	2013-03-27 14:47:53.273	i2b2	\N
i2b2	R0JGRWC2oQAXyPGqi0K8	2013-03-27 15:17:53.453	\N	2013-03-27 14:47:53.453	i2b2	\N
i2b2	bh3bHg6ZQ4ZcrFCD0RAM	2013-03-27 15:17:53.848	\N	2013-03-27 14:47:53.848	i2b2	\N
i2b2	QxG5JvOddx5x9cgwRAaL	2013-03-27 15:21:02.668	\N	2013-03-27 14:51:02.668	i2b2	\N
i2b2	YlPJvZyIBZEaeqvfKVv2	2013-03-27 15:21:05.059	\N	2013-03-27 14:51:05.059	i2b2	\N
i2b2	fSnrKx76FdSXIKpY8W1r	2013-03-27 15:21:52.447	\N	2013-03-27 14:51:52.447	i2b2	\N
i2b2	oKJvAmVTgd0AiwuORMlc	2013-03-27 15:21:54.483	\N	2013-03-27 14:51:54.483	i2b2	\N
i2b2	oLH8YIv16t7OS3rkpIsp	2013-03-27 15:22:14.68	\N	2013-03-27 14:52:14.68	i2b2	\N
i2b2	RUC858jO01CANwsVj3Ih	2013-03-27 15:22:14.87	\N	2013-03-27 14:52:14.87	i2b2	\N
i2b2	QfFtwiqgAYYv8g1gfraU	2013-03-27 15:22:15.052	\N	2013-03-27 14:52:15.052	i2b2	\N
i2b2	aUdipsYzAKiuXU9n19KK	2013-03-27 15:22:15.438	\N	2013-03-27 14:52:15.439	i2b2	\N
i2b2	Kh6G3M5eIDOFA8JEGJC1	2013-03-27 15:41:03.645	\N	2013-03-27 15:11:03.645	i2b2	\N
i2b2	Epm17Tld2NgctV7nx3yM	2013-03-27 15:41:26.991	\N	2013-03-27 15:11:26.991	i2b2	\N
i2b2	xpT4vstgstVTpeCM0gB5	2013-03-27 15:44:23.293	\N	2013-03-27 15:14:23.293	i2b2	\N
i2b2	7UvyyKwCwQeAMhMCKWfj	2013-03-27 15:52:47.097	\N	2013-03-27 15:22:47.097	i2b2	\N
i2b2	eX2UnMouYUecFevkTT6A	2013-03-27 15:52:48.958	\N	2013-03-27 15:22:48.958	i2b2	\N
i2b2	bhJtbv5YfcIlKGRblXZ6	2013-03-27 15:53:25.199	\N	2013-03-27 15:23:25.199	i2b2	\N
i2b2	hHMlog3rdyT4wi1jkjBc	2013-03-27 15:53:53.037	\N	2013-03-27 15:23:53.037	i2b2	\N
i2b2	na2b4a4vCa6l7Rns52Ps	2013-03-27 15:53:57.256	\N	2013-03-27 15:23:57.256	i2b2	\N
i2b2	EilYqGL2Tyy0ERe1KSC6	2013-03-27 15:54:12.999	\N	2013-03-27 15:24:12.999	i2b2	\N
i2b2	IdHLhUl9hMI8hMSptv2l	2013-03-27 15:58:10.086	\N	2013-03-27 15:28:10.086	i2b2	\N
i2b2	QUF6u1KPu1fSbhPKKAyO	2013-03-27 15:58:19.329	\N	2013-03-27 15:28:19.329	i2b2	\N
i2b2	f8XsetJKFPDjmLqkr85V	2013-03-27 15:58:21.205	\N	2013-03-27 15:28:21.205	i2b2	\N
i2b2	7ku17yb04ayhh1WVXtrH	2013-03-27 15:58:22.557	\N	2013-03-27 15:28:22.557	i2b2	\N
i2b2	sNw5pB0pUQEjWKKj1lJa	2013-03-27 15:58:25.499	\N	2013-03-27 15:28:25.499	i2b2	\N
i2b2	KUpn8uOOoF9aIr3jh98n	2013-03-27 15:58:36.546	\N	2013-03-27 15:28:36.546	i2b2	\N
i2b2	U9VDwrcnNhHjspJuKqcG	2013-03-27 15:58:36.765	\N	2013-03-27 15:28:36.765	i2b2	\N
i2b2	2UqU2a9DheyyqrV7u4BE	2013-03-27 15:58:36.943	\N	2013-03-27 15:28:36.943	i2b2	\N
i2b2	jCRgDPQgJBwnsMPREAz3	2013-03-27 15:58:37.121	\N	2013-03-27 15:28:37.121	i2b2	\N
i2b2	6iS3rJ8pAG6wISaagHEJ	2013-03-27 15:58:37.576	\N	2013-03-27 15:28:37.576	i2b2	\N
i2b2	Cgtai3ftYOh5jd9ZZse1	2013-03-27 15:59:29.539	\N	2013-03-27 15:29:29.539	i2b2	\N
i2b2	YLlhQOHX2ARvkDbR1qIW	2013-03-27 15:59:29.701	\N	2013-03-27 15:29:29.701	i2b2	\N
i2b2	R3JNcbMXN8gCjR6XOsfv	2013-03-27 15:59:29.884	\N	2013-03-27 15:29:29.884	i2b2	\N
i2b2	ZM6UmMdxxFRQ5hYp425y	2013-03-27 15:59:30.302	\N	2013-03-27 15:29:30.302	i2b2	\N
i2b2	q2lcNhm7qx6hXWP4iW9U	2013-03-27 16:32:39.759	\N	2013-03-27 16:02:39.759	i2b2	\N
i2b2	hOoisjeKFEO7lQxoMmZZ	2013-03-27 16:32:44.263	\N	2013-03-27 16:02:44.263	i2b2	\N
i2b2	fGKWKDx2ICWqhBfSiHZv	2013-03-27 16:32:51.491	\N	2013-03-27 16:02:51.491	i2b2	\N
i2b2	f836jAQpsQGUxjY1GMTL	2013-03-27 16:32:54.683	\N	2013-03-27 16:02:54.683	i2b2	\N
i2b2	ExaNT1eGuLy9YiC0rKix	2013-03-27 16:33:05.94	\N	2013-03-27 16:03:05.941	i2b2	\N
i2b2	wlU5CoLaQoqXg8z9d3mC	2013-03-27 16:33:08.897	\N	2013-03-27 16:03:08.897	i2b2	\N
i2b2	VquZDq6rl4PpgadHuU7m	2013-03-27 16:33:30.451	\N	2013-03-27 16:03:30.452	i2b2	\N
i2b2	WhV3diE4Hs4IgRSpvX7W	2013-03-27 16:33:30.656	\N	2013-03-27 16:03:30.656	i2b2	\N
i2b2	PRCBgWVPEAqw6Ax3rWh3	2013-03-27 16:33:30.836	\N	2013-03-27 16:03:30.836	i2b2	\N
i2b2	jdHu321v6hS88BXXT4uf	2013-03-27 16:33:31.276	\N	2013-03-27 16:03:31.276	i2b2	\N
i2b2	AZWsKjIC1YIre2MdjnhT	2013-03-27 16:39:46.347	\N	2013-03-27 16:09:46.347	i2b2	\N
i2b2	4MgYGvV9FLvHReqwB8y3	2013-03-27 16:55:38.108	\N	2013-03-27 16:25:38.108	i2b2	\N
i2b2	Hr7veeTCEO8S6uqParTV	2013-03-27 16:55:38.32	\N	2013-03-27 16:25:38.32	i2b2	\N
i2b2	RYra2LcoAX624xkPcKwl	2013-03-27 16:55:38.512	\N	2013-03-27 16:25:38.512	i2b2	\N
i2b2	duHa6G2ZwomV2M7Meyvb	2013-03-27 16:55:38.936	\N	2013-03-27 16:25:38.936	i2b2	\N
i2b2	sx2SgAfr4nlaDuPNQUo7	2013-03-27 16:55:53.722	\N	2013-03-27 16:25:53.722	i2b2	\N
i2b2	JzGDjG2NLwXMvnpQbIOp	2013-03-27 16:55:53.884	\N	2013-03-27 16:25:53.884	i2b2	\N
i2b2	h4uk2W64PgXbaiYTZxio	2013-03-27 16:55:54.069	\N	2013-03-27 16:25:54.069	i2b2	\N
i2b2	NNoKelVBsCM2ZUWrtkQn	2013-03-27 16:55:54.473	\N	2013-03-27 16:25:54.473	i2b2	\N
i2b2	IPAomDr0ncbrX6Z8odoZ	2013-03-27 17:12:57.176	\N	2013-03-27 16:42:57.176	i2b2	\N
i2b2	hyaZMSGIP1sFmi6czaXz	2013-03-27 17:12:59.51	\N	2013-03-27 16:42:59.51	i2b2	\N
i2b2	ah1fmR5R11pwSk9qq4I5	2013-03-27 17:13:00.017	\N	2013-03-27 16:43:00.017	i2b2	\N
i2b2	UgeDw3zuYgujVvH29XDb	2013-03-27 17:14:08.57	\N	2013-03-27 16:44:08.57	i2b2	\N
i2b2	2fe5rbWhRvTUCq8wBehl	2013-03-27 17:14:08.766	\N	2013-03-27 16:44:08.766	i2b2	\N
i2b2	qrpvy8yOykrqiyy0WaZl	2013-03-27 17:14:08.954	\N	2013-03-27 16:44:08.954	i2b2	\N
i2b2	zbfD52Wx2xd1fFgLGcwx	2013-03-27 17:14:09.357	\N	2013-03-27 16:44:09.357	i2b2	\N
i2b2	rmJKLMW2NDIZEwT6CWE2	2013-03-27 17:40:04.792	\N	2013-03-27 17:10:04.792	i2b2	\N
i2b2	DS7WVNtdb8GYyLAGCXMq	2013-03-27 17:40:31.063	\N	2013-03-27 17:10:31.063	i2b2	\N
i2b2	uX5L8Y2YIHtE4M8xDMK7	2013-03-27 17:40:32.39	\N	2013-03-27 17:10:32.39	i2b2	\N
i2b2	flVQ1mUuVv1tuaXFfKiL	2013-03-27 17:40:35.26	\N	2013-03-27 17:10:35.26	i2b2	\N
i2b2	4bQVnztndpVerlPTocW4	2013-03-27 17:40:35.487	\N	2013-03-27 17:10:35.487	i2b2	\N
i2b2	hRpWeDnUUwYpfZ83BJSw	2013-03-27 17:40:35.678	\N	2013-03-27 17:10:35.678	i2b2	\N
i2b2	maVtr7LIQe9ETg7sEiig	2013-03-27 17:40:36.098	\N	2013-03-27 17:10:36.098	i2b2	\N
i2b2	U3vpGio5IxSu3r87GMfM	2013-03-27 17:40:49.554	\N	2013-03-27 17:10:49.554	i2b2	\N
i2b2	kCBffLveqb3iB5CmQBRz	2013-03-27 17:40:54.409	\N	2013-03-27 17:10:54.41	i2b2	\N
i2b2	D8PdQZodPYU81oaNqcb9	2013-03-27 17:40:59.459	\N	2013-03-27 17:10:59.459	i2b2	\N
i2b2	ecAKSYcxBYxZw8ets75T	2013-03-27 17:41:01.059	\N	2013-03-27 17:11:01.059	i2b2	\N
i2b2	Xv5Puf2CMVRaWfj7ESYW	2013-03-27 17:41:01.221	\N	2013-03-27 17:11:01.221	i2b2	\N
i2b2	AHdEpMOsGECIKBPHQNok	2013-03-27 17:41:01.407	\N	2013-03-27 17:11:01.407	i2b2	\N
i2b2	4Tr1DmtFsGnxg8JTkcx6	2013-03-27 17:41:01.799	\N	2013-03-27 17:11:01.799	i2b2	\N
i2b2	Ul8hjg8xJ3ZQqTLoehqT	2013-03-27 18:09:27.162	\N	2013-03-27 17:39:27.162	i2b2	\N
i2b2	MKK39guOnrIxI4AoSErF	2013-03-27 18:09:29.762	\N	2013-03-27 17:39:29.762	i2b2	\N
i2b2	3mvDeQbwIKtKX2duTdJ4	2013-03-27 18:09:35.749	\N	2013-03-27 17:39:35.749	i2b2	\N
i2b2	uCqMNeZxygJL0DEQJyaa	2013-03-27 18:09:39.22	\N	2013-03-27 17:39:39.22	i2b2	\N
i2b2	8dUpUZtEjNqB481kCrTs	2013-03-27 18:09:42.841	\N	2013-03-27 17:39:42.841	i2b2	\N
i2b2	OikkuecroOEQMmApzKmm	2013-03-27 18:09:47.921	\N	2013-03-27 17:39:47.921	i2b2	\N
i2b2	9zYqXllO5k5MnDKTOrBZ	2013-03-27 18:09:50.478	\N	2013-03-27 17:39:50.478	i2b2	\N
i2b2	IpDJxt3yC6hG8fRf4fSG	2013-03-27 18:09:52.868	\N	2013-03-27 17:39:52.868	i2b2	\N
i2b2	epNfSY0viowbE8DIFMXs	2013-03-27 18:09:53.103	\N	2013-03-27 17:39:53.103	i2b2	\N
i2b2	lIADsI9sj4mMaODwGOpq	2013-03-27 18:09:53.29	\N	2013-03-27 17:39:53.29	i2b2	\N
i2b2	QLThf40rWV84oweDqPkA	2013-03-27 18:09:53.694	\N	2013-03-27 17:39:53.694	i2b2	\N
i2b2	WDnTpDnRvu7jloWXxTlC	2013-03-27 18:12:38.439	\N	2013-03-27 17:42:38.439	i2b2	\N
i2b2	igXWEWiWcDqYOAQL4JPY	2013-03-27 18:12:41.879	\N	2013-03-27 17:42:41.879	i2b2	\N
i2b2	JSWBiiMCOHWYit5VjFMc	2013-03-27 18:12:48.003	\N	2013-03-27 17:42:48.003	i2b2	\N
i2b2	gqrrbw8wbQt3fQfwcQvQ	2013-03-27 18:12:49.403	\N	2013-03-27 17:42:49.403	i2b2	\N
i2b2	d7xHuSnky8fUFLV1EdJK	2013-03-27 18:12:52.603	\N	2013-03-27 17:42:52.603	i2b2	\N
i2b2	1U2KJCeTN7Bi48iNCdvX	2013-03-27 18:12:54.601	\N	2013-03-27 17:42:54.601	i2b2	\N
i2b2	b4IB0rQKLt6BIu9SUJ3b	2013-03-27 18:12:55.643	\N	2013-03-27 17:42:55.644	i2b2	\N
i2b2	OgsxsA2ZaV1h5FgM4lgw	2013-03-27 18:12:55.833	\N	2013-03-27 17:42:55.833	i2b2	\N
i2b2	tb0sodgxSuJD2p6fwMwH	2013-03-27 18:12:56.31	\N	2013-03-27 17:42:56.31	i2b2	\N
i2b2	vuWqBIJpnc2hQJsOkhUx	2013-03-27 18:12:56.708	\N	2013-03-27 17:42:56.708	i2b2	\N
i2b2	svInLBc74oJSDQMlPv7x	2013-03-28 12:35:28.421	\N	2013-03-28 12:05:28.421	i2b2	\N
i2b2	fHcJxjPbkElVpMxBzYGr	2013-03-28 12:35:33.467	\N	2013-03-28 12:05:33.467	i2b2	\N
i2b2	EvMTdvx1CQjxfgcpeoOu	2013-03-28 12:35:41.04	\N	2013-03-28 12:05:41.04	i2b2	\N
i2b2	M9zRaX6oN3y4hykTKepZ	2013-03-28 13:16:10.343	\N	2013-03-28 12:46:10.344	i2b2	\N
i2b2	FU0RHw8V75yXnqGs3fgh	2013-03-28 13:16:13.692	\N	2013-03-28 12:46:13.692	i2b2	\N
i2b2	GALqWAv3fFZWN6mVD61c	2013-03-28 13:16:24.307	\N	2013-03-28 12:46:24.307	i2b2	\N
i2b2	Xfvtog5SQZoXa9WmvDMK	2013-03-28 13:16:31.207	\N	2013-03-28 12:46:31.207	i2b2	\N
i2b2	HEXTBeJh49lmyGN9DGvJ	2013-03-28 13:16:39.609	\N	2013-03-28 12:46:39.609	i2b2	\N
i2b2	kFUrjQU2ZSoyv4hwADGb	2013-03-28 13:16:43.269	\N	2013-03-28 12:46:43.269	i2b2	\N
i2b2	d7lechq6w1UBEptZMKyo	2013-03-28 15:19:08.113	\N	2013-03-28 14:49:08.113	i2b2	\N
i2b2	NapNtka1fR2TNlN3YZw9	2013-03-28 15:19:12.803	\N	2013-03-28 14:49:12.803	i2b2	\N
i2b2	yfcHKocUVdRkoPEqV9Nz	2013-03-28 15:19:21.847	\N	2013-03-28 14:49:21.847	i2b2	\N
i2b2	RvisPrxeRquyDWv8yc1W	2013-03-28 15:19:25.458	\N	2013-03-28 14:49:25.459	i2b2	\N
i2b2	xshVBi36NL1Ggc7RaVn2	2013-03-28 15:19:32.136	\N	2013-03-28 14:49:32.136	i2b2	\N
i2b2	Tg3bsOqlX9FLWCRUsJSp	2013-03-28 15:19:37.041	\N	2013-03-28 14:49:37.041	i2b2	\N
i2b2	MVxuqxjixm4RbhmZOQmn	2013-03-28 15:19:40.887	\N	2013-03-28 14:49:40.887	i2b2	\N
i2b2	365XJli3CxZgoAwUCrSl	2013-03-28 15:19:41.184	\N	2013-03-28 14:49:41.184	i2b2	\N
i2b2	T5sLIGeR6uAgw7Ytjice	2013-03-28 15:19:41.394	\N	2013-03-28 14:49:41.394	i2b2	\N
i2b2	iwt4Z7xAvHkdRyGpXTMo	2013-03-28 15:19:41.821	\N	2013-03-28 14:49:41.821	i2b2	\N
i2b2	fjTpAoiWcx77SkT2lQHf	2013-03-28 15:26:52.399	\N	2013-03-28 14:56:52.399	i2b2	\N
i2b2	NP6K8JfptICcWmc3ln1d	2013-03-28 15:26:52.599	\N	2013-03-28 14:56:52.599	i2b2	\N
i2b2	BIHosZmSWiV33oEaPU50	2013-03-28 15:26:52.787	\N	2013-03-28 14:56:52.787	i2b2	\N
i2b2	HNPFzwQMmtJ3EP65c8Js	2013-03-28 15:26:53.148	\N	2013-03-28 14:56:53.148	i2b2	\N
i2b2	k7VDpJeHyHG3SoVUBd53	2013-03-28 15:29:07.077	\N	2013-03-28 14:59:07.077	i2b2	\N
i2b2	bjimYT2CISFMNRq21hAJ	2013-03-28 15:30:51.259	\N	2013-03-28 15:00:51.259	i2b2	\N
i2b2	vgimlKtXUbhT5XntoUUK	2013-03-28 15:30:51.737	\N	2013-03-28 15:00:51.737	i2b2	\N
i2b2	rOIs2NgsWXbqaYWRubzO	2013-03-28 15:30:51.918	\N	2013-03-28 15:00:51.918	i2b2	\N
i2b2	dD1OP8EDuXdX4sMfGGoJ	2013-03-28 15:30:52.11	\N	2013-03-28 15:00:52.11	i2b2	\N
i2b2	1qkiPlmVrty5C4xLIknB	2013-03-28 15:30:52.299	\N	2013-03-28 15:00:52.299	i2b2	\N
i2b2	yn1H6bUMZnbu6KBQNz5W	2013-03-28 15:30:52.83	\N	2013-03-28 15:00:52.83	i2b2	\N
i2b2	A82yqbqvD7LoneGSIdCo	2013-03-28 15:31:52.965	\N	2013-03-28 15:01:52.965	i2b2	\N
i2b2	V299kI51McIWnxcYxZr7	2013-03-28 15:31:53.148	\N	2013-03-28 15:01:53.148	i2b2	\N
i2b2	9WKdiplScGbmxqfV8oY8	2013-03-28 15:31:53.334	\N	2013-03-28 15:01:53.334	i2b2	\N
i2b2	H1equNuUd4DWdAOtJieY	2013-03-28 15:31:53.525	\N	2013-03-28 15:01:53.525	i2b2	\N
i2b2	QHXe5aIORZxFd22yH4SX	2013-03-28 15:31:53.712	\N	2013-03-28 15:01:53.712	i2b2	\N
i2b2	THYQrEzzfNQW7Y9sRhmw	2013-03-28 15:31:54.23	\N	2013-03-28 15:01:54.23	i2b2	\N
i2b2	hikuZ7macZri5GE5mWXN	2013-03-28 15:53:04.685	\N	2013-03-28 15:23:04.685	i2b2	\N
i2b2	ICTL1y5kQkhrRCLo7dWd	2013-03-28 15:53:10.854	\N	2013-03-28 15:23:10.854	i2b2	\N
i2b2	CHe12sQsGFk7y2pMxbGk	2013-03-28 15:53:18.237	\N	2013-03-28 15:23:18.237	i2b2	\N
i2b2	GaOqLEcSUFYbELRXqseI	2013-03-28 15:53:20.025	\N	2013-03-28 15:23:20.025	i2b2	\N
i2b2	FKktQtbyETnnJFwqR54X	2013-03-28 15:53:37.89	\N	2013-03-28 15:23:37.89	i2b2	\N
i2b2	sfcvBReQlAo9pVjwbK2y	2013-03-28 15:53:40.274	\N	2013-03-28 15:23:40.274	i2b2	\N
i2b2	GEDMToJ2mLXdp8ikKoIm	2013-03-28 15:53:44.97	\N	2013-03-28 15:23:44.97	i2b2	\N
i2b2	9x5HLEZeqsSPB7wLAqQS	2013-03-28 15:53:45.278	\N	2013-03-28 15:23:45.278	i2b2	\N
i2b2	qzUDJTGtT3mjibteOYIT	2013-03-28 15:53:45.467	\N	2013-03-28 15:23:45.467	i2b2	\N
i2b2	lOEJJqkNaiDBv4SQ88db	2013-03-28 15:53:45.889	\N	2013-03-28 15:23:45.889	i2b2	\N
i2b2	Ol7ELuBSnhYSKRj2khxI	2013-03-28 15:59:35.971	\N	2013-03-28 15:29:35.971	i2b2	\N
i2b2	NoP1qtQtVSWs8vSEaqxq	2013-03-28 16:00:11.136	\N	2013-03-28 15:30:11.136	i2b2	\N
i2b2	BJ0Qasv67rG9iTrp3jbl	2013-03-28 16:00:33.239	\N	2013-03-28 15:30:33.239	i2b2	\N
i2b2	9eMbISuiF2jdK8p4DUqb	2013-03-28 16:00:40.592	\N	2013-03-28 15:30:40.592	i2b2	\N
i2b2	GDAudi26inMThZeHKwtv	2013-03-28 16:00:48.082	\N	2013-03-28 15:30:48.082	i2b2	\N
i2b2	e5fdME1sdjm2NdtxLxl5	2013-03-28 16:00:53.413	\N	2013-03-28 15:30:53.413	i2b2	\N
i2b2	rwUvwCecl7DCwcJtehTX	2013-03-28 16:00:57.083	\N	2013-03-28 15:30:57.083	i2b2	\N
i2b2	qDW2BuDRABCWkQCfMPPx	2013-03-28 16:00:58.439	\N	2013-03-28 15:30:58.439	i2b2	\N
i2b2	8xFB5cGsWCCZ3RpSmKiH	2013-03-28 16:00:58.638	\N	2013-03-28 15:30:58.638	i2b2	\N
i2b2	vRJM4MnC3vJkQ8sIPO69	2013-03-28 16:00:58.822	\N	2013-03-28 15:30:58.822	i2b2	\N
i2b2	qnoKlW8ucd7tTMWAa6Yq	2013-03-28 16:00:59.171	\N	2013-03-28 15:30:59.171	i2b2	\N
i2b2	Dm3vuYoEF4XMxEW3vZuk	2013-03-28 16:11:50.969	\N	2013-03-28 15:41:50.969	i2b2	\N
i2b2	BmmHWva1Xn3kYVLTb9B2	2013-03-28 16:12:57.019	\N	2013-03-28 15:42:57.019	i2b2	\N
i2b2	T32KOs1MdMRmmTqvHqTx	2013-03-28 16:16:34.966	\N	2013-03-28 15:46:34.966	i2b2	\N
i2b2	Er6SB6QH7WWnXiSerfVZ	2013-03-28 16:27:38.642	\N	2013-03-28 15:57:38.642	i2b2	\N
i2b2	QiltbiN3BOy6bbRSUsKL	2013-03-28 16:27:42.259	\N	2013-03-28 15:57:42.259	i2b2	\N
i2b2	1vrhyQDIHs5qgS5OT0VI	2013-03-28 16:27:45.945	\N	2013-03-28 15:57:45.945	i2b2	\N
i2b2	YGSt4ax3Fkk0FAUYo23Q	2013-03-28 16:27:54.381	\N	2013-03-28 15:57:54.381	i2b2	\N
i2b2	7FI2HDnzuK7xeeV2YGSc	2013-03-28 16:28:00.145	\N	2013-03-28 15:58:00.145	i2b2	\N
i2b2	5A7VJNjRVOT136ZDysaZ	2013-03-28 16:29:40.019	\N	2013-03-28 15:59:40.019	i2b2	\N
i2b2	kUHgUMmzGPjV9wVcUoq1	2013-03-28 16:29:41.813	\N	2013-03-28 15:59:41.813	i2b2	\N
i2b2	sVKauQ4aNWDFFBzYOo9y	2013-03-28 16:30:22.954	\N	2013-03-28 16:00:22.954	i2b2	\N
i2b2	xnxoz01iQ8qvomV1hcSt	2013-03-28 16:30:25.257	\N	2013-03-28 16:00:25.257	i2b2	\N
i2b2	yM8VD1yTbJxelyVUU2KC	2013-03-28 16:30:26.973	\N	2013-03-28 16:00:26.973	i2b2	\N
i2b2	mEcCjGS2Iw7jIJVR4cxv	2013-03-28 16:30:27.233	\N	2013-03-28 16:00:27.233	i2b2	\N
i2b2	BpF2VLDKSYAIfEgpIgzr	2013-03-28 16:30:27.414	\N	2013-03-28 16:00:27.415	i2b2	\N
i2b2	KmGJG6gVGyCv7EVv4N2R	2013-03-28 16:30:27.77	\N	2013-03-28 16:00:27.77	i2b2	\N
i2b2	yBLLEe0MtO7rIetKexUu	2013-03-28 16:50:05.438	\N	2013-03-28 16:20:05.438	i2b2	\N
i2b2	EOysJ38I5xadEBMiQA83	2013-03-28 16:50:07.412	\N	2013-03-28 16:20:07.412	i2b2	\N
i2b2	8UN5Rw3BgNSBxOHgEhAd	2013-03-28 16:50:13.817	\N	2013-03-28 16:20:13.817	i2b2	\N
i2b2	UryzicGGqeuBc3uDCe0I	2013-03-28 16:50:18.959	\N	2013-03-28 16:20:18.959	i2b2	\N
i2b2	w1FcknCcNHsP67HbVBlI	2013-03-28 16:50:23.307	\N	2013-03-28 16:20:23.307	i2b2	\N
i2b2	9ymRIAzeSt1u38Y6WUqf	2013-03-28 16:50:26.539	\N	2013-03-28 16:20:26.539	i2b2	\N
i2b2	Zsj1tvK23ob1CR1i69OK	2013-03-28 16:50:28.841	\N	2013-03-28 16:20:28.841	i2b2	\N
i2b2	pto9SXlSKBxcGSakYZWP	2013-03-28 16:50:30.082	\N	2013-03-28 16:20:30.082	i2b2	\N
i2b2	cPpsVkfqaIe3jCEeacYR	2013-03-28 16:50:30.284	\N	2013-03-28 16:20:30.284	i2b2	\N
i2b2	0vH48MVaIAvaw567ZH8k	2013-03-28 16:50:30.47	\N	2013-03-28 16:20:30.47	i2b2	\N
i2b2	VeLvpHRxBMuwE5nB6hvg	2013-03-28 16:50:30.823	\N	2013-03-28 16:20:30.823	i2b2	\N
i2b2	dmsbbL5sleQ2CEqP1cWa	2013-03-28 16:51:57.819	\N	2013-03-28 16:21:57.819	i2b2	\N
i2b2	qAootKHmF2vKRXvB0Kla	2013-03-28 16:51:59.878	\N	2013-03-28 16:21:59.878	i2b2	\N
i2b2	1EEmKGT5tefkROYSSQSd	2013-03-28 16:52:02.673	\N	2013-03-28 16:22:02.673	i2b2	\N
i2b2	6OMusbbDBgUISvOpBZjb	2013-03-28 16:52:09.673	\N	2013-03-28 16:22:09.673	i2b2	\N
i2b2	m5Ab46J4SlvGvq6b3JhI	2013-03-28 16:52:12.247	\N	2013-03-28 16:22:12.247	i2b2	\N
i2b2	p6XyIa4MzPogNTiMokGK	2013-03-28 16:52:15.419	\N	2013-03-28 16:22:15.419	i2b2	\N
i2b2	1hfmZS5hSZR92O62jwvy	2013-03-28 16:52:19.358	\N	2013-03-28 16:22:19.358	i2b2	\N
i2b2	XzPVvboRQo7O5Eju1Rtj	2013-03-28 16:52:21.375	\N	2013-03-28 16:22:21.375	i2b2	\N
i2b2	34v0ARqP7qh8S1P4EtPT	2013-03-28 16:52:21.566	\N	2013-03-28 16:22:21.566	i2b2	\N
i2b2	Vgplrx1nNJ8L9jUtyOyN	2013-03-28 16:52:21.747	\N	2013-03-28 16:22:21.747	i2b2	\N
i2b2	OwbFb0Fnwe8HXCbpQU7c	2013-03-28 16:52:22.099	\N	2013-03-28 16:22:22.099	i2b2	\N
i2b2	RRgr93KoepGBKDRTtdK6	2013-03-28 16:53:56.656	\N	2013-03-28 16:23:56.656	i2b2	\N
i2b2	iBGticMV32mXmL7gNFyj	2013-03-28 16:53:59.097	\N	2013-03-28 16:23:59.097	i2b2	\N
i2b2	1GC57m4vt02QZTrYs1Vy	2013-03-28 16:54:15.297	\N	2013-03-28 16:24:15.297	i2b2	\N
i2b2	WTIysjr2QJtrwbYBoFDp	2013-03-28 16:54:17.513	\N	2013-03-28 16:24:17.513	i2b2	\N
i2b2	ltjMFqexwO0Nzl4YgdW7	2013-03-28 16:54:19.247	\N	2013-03-28 16:24:19.247	i2b2	\N
i2b2	AMapNB3luZ0QAHonJJMV	2013-03-28 16:54:33.871	\N	2013-03-28 16:24:33.871	i2b2	\N
i2b2	SXcOWVG01xoVnQxgEROy	2013-03-28 16:54:37.205	\N	2013-03-28 16:24:37.205	i2b2	\N
i2b2	8BpjuFppFTceZ7G6H4HF	2013-03-28 16:54:39.516	\N	2013-03-28 16:24:39.516	i2b2	\N
i2b2	plgsbf85LGScNHXQ1IeA	2013-03-28 16:54:39.698	\N	2013-03-28 16:24:39.698	i2b2	\N
i2b2	q3cS3lcJCF2QOmbyNGUR	2013-03-28 16:54:39.883	\N	2013-03-28 16:24:39.883	i2b2	\N
i2b2	ENUFbWIUmmAwckpQQ5rI	2013-03-28 16:54:40.243	\N	2013-03-28 16:24:40.243	i2b2	\N
i2b2	Ppy2FAioFx4KgauTWJac	2013-03-28 17:06:25.978	\N	2013-03-28 16:36:25.978	i2b2	\N
i2b2	OYlmcpDOgD7KGQgWGljn	2013-03-28 17:10:35.66	\N	2013-03-28 16:40:35.66	i2b2	\N
i2b2	9zIAF4ZNNyBqayBrt9NY	2013-03-28 17:10:35.844	\N	2013-03-28 16:40:35.844	i2b2	\N
i2b2	5n1Zl9s5cnMTJZpEzJQ4	2013-03-28 17:10:36.026	\N	2013-03-28 16:40:36.026	i2b2	\N
i2b2	w6iPtEvZkYxNkyhDnfrA	2013-03-28 17:10:36.38	\N	2013-03-28 16:40:36.38	i2b2	\N
i2b2	mSCHXSSM3YhPibsYmGKL	2013-03-28 17:25:11.87	\N	2013-03-28 16:55:11.87	i2b2	\N
i2b2	BPucJL5OluLEAF5USagx	2013-03-28 17:25:14.331	\N	2013-03-28 16:55:14.331	i2b2	\N
i2b2	i6A6bV2MA8Z5pJd9clva	2013-03-28 17:25:20.477	\N	2013-03-28 16:55:20.477	i2b2	\N
i2b2	T8s502bCZAYdClchzeX2	2013-03-28 17:25:22.96	\N	2013-03-28 16:55:22.96	i2b2	\N
i2b2	crM3mLiuTgUHTdZ8KiVd	2013-03-28 17:25:38.528	\N	2013-03-28 16:55:38.528	i2b2	\N
i2b2	MCG68NsRsMQvgcVm2vsu	2013-03-28 17:25:43.399	\N	2013-03-28 16:55:43.399	i2b2	\N
i2b2	7GlaF7hMWlziQ47T8gxr	2013-03-28 17:25:51.664	\N	2013-03-28 16:55:51.664	i2b2	\N
i2b2	cxOiGHInxTN1N0lxBFdT	2013-03-28 17:25:58.437	\N	2013-03-28 16:55:58.437	i2b2	\N
i2b2	8tqsGjYr9PZ5s9mPM7Nd	2013-03-28 17:26:01.407	\N	2013-03-28 16:56:01.407	i2b2	\N
i2b2	RDq86DOgOq97NiyzURko	2013-03-28 17:26:01.605	\N	2013-03-28 16:56:01.605	i2b2	\N
i2b2	3QOBySeyOuZlm3cAYKeA	2013-03-28 17:26:01.788	\N	2013-03-28 16:56:01.788	i2b2	\N
i2b2	wVe5VqN95wrNo9U8tEXE	2013-03-28 17:26:02.177	\N	2013-03-28 16:56:02.177	i2b2	\N
i2b2	0csIo5BZBsXZfKqQAd0v	2013-03-28 17:32:51.992	\N	2013-03-28 17:02:51.992	i2b2	\N
i2b2	KH2zTMV6UIcSZxq8jAmc	2013-03-28 17:32:55.03	\N	2013-03-28 17:02:55.03	i2b2	\N
i2b2	KCNKsMbccEbFplPGKsmf	2013-03-28 17:32:58.672	\N	2013-03-28 17:02:58.672	i2b2	\N
i2b2	MhroOvwL1L7Cto2RrjGp	2013-03-28 17:33:00.497	\N	2013-03-28 17:03:00.497	i2b2	\N
i2b2	8SYbooUlrYvIGuV9fUoP	2013-03-28 17:33:14.198	\N	2013-03-28 17:03:14.198	i2b2	\N
i2b2	D9mnJXeaVtA7HCcaHNmr	2013-03-28 17:33:16.574	\N	2013-03-28 17:03:16.574	i2b2	\N
i2b2	oyDfiNUvUIqX6GIrlFvq	2013-03-28 17:33:19.407	\N	2013-03-28 17:03:19.407	i2b2	\N
i2b2	vEi5WEjFhBBEAQwXN3PW	2013-03-28 17:33:19.588	\N	2013-03-28 17:03:19.589	i2b2	\N
i2b2	wmYkpRtDjELIyK2pTmkt	2013-03-28 17:33:19.773	\N	2013-03-28 17:03:19.773	i2b2	\N
i2b2	JEAiuylYfy6dSddSYA1e	2013-03-28 17:33:20.129	\N	2013-03-28 17:03:20.129	i2b2	\N
i2b2	JlvCx3SNlsmiGYMI5IFX	2013-03-28 17:40:55.783	\N	2013-03-28 17:10:55.783	i2b2	\N
i2b2	9yv777XZIsipbQwtg3ul	2013-03-28 17:41:00.568	\N	2013-03-28 17:11:00.568	i2b2	\N
i2b2	8Drondn31P9OMmEOUN3I	2013-03-28 17:41:06.15	\N	2013-03-28 17:11:06.15	i2b2	\N
i2b2	qA7NQ9VrvO726kYZaCPK	2013-03-28 17:41:08.156	\N	2013-03-28 17:11:08.156	i2b2	\N
i2b2	MoQ59EujQb2IIl6ksxjR	2013-03-28 17:41:24.551	\N	2013-03-28 17:11:24.551	i2b2	\N
i2b2	Swyhz7tNeS4cM0vBVFrF	2013-03-28 17:41:26.818	\N	2013-03-28 17:11:26.818	i2b2	\N
i2b2	j0FYxDAi1tt8uTn5U9j7	2013-03-28 17:41:28.6	\N	2013-03-28 17:11:28.6	i2b2	\N
i2b2	dwwVRFVy2O1qMjBl0Hwc	2013-03-28 17:41:28.809	\N	2013-03-28 17:11:28.809	i2b2	\N
i2b2	xUKlr9ZYctkaJtplWkm9	2013-03-28 17:41:28.994	\N	2013-03-28 17:11:28.994	i2b2	\N
i2b2	r7FX7kE7PiynsABEkNoT	2013-03-28 17:41:29.35	\N	2013-03-28 17:11:29.35	i2b2	\N
i2b2	78DXopDZ48sLhEfP5WyK	2013-03-28 17:42:41.134	\N	2013-03-28 17:12:41.134	i2b2	\N
i2b2	DuETEQtfiH64JphmfHQp	2013-03-28 17:42:43.778	\N	2013-03-28 17:12:43.778	i2b2	\N
i2b2	49LRkIEzfUpgbbKWZb6l	2013-03-28 17:42:49.459	\N	2013-03-28 17:12:49.459	i2b2	\N
i2b2	kexvuXQNuYUgaO2S664F	2013-03-28 17:42:51.42	\N	2013-03-28 17:12:51.42	i2b2	\N
i2b2	TCVhnfIM92Aj5a3NX7UU	2013-03-28 17:42:54.053	\N	2013-03-28 17:12:54.053	i2b2	\N
i2b2	DE5hjLlPKrJd1399D6F5	2013-03-28 17:43:12.783	\N	2013-03-28 17:13:12.783	i2b2	\N
i2b2	xgJHONqN37Oow4La3oSO	2013-03-28 17:43:14.477	\N	2013-03-28 17:13:14.477	i2b2	\N
i2b2	pEeapaDOfefBBKAJFPaw	2013-03-28 17:43:16.722	\N	2013-03-28 17:13:16.722	i2b2	\N
i2b2	eKxgFDc73N8qUnkdXYIz	2013-03-28 17:43:17.46	\N	2013-03-28 17:13:17.46	i2b2	\N
i2b2	y9n5XOrmnxSqbsE3am4r	2013-03-28 17:43:17.642	\N	2013-03-28 17:13:17.642	i2b2	\N
i2b2	LdWFoM4IJUw2I8IGAKVt	2013-03-28 17:43:17.826	\N	2013-03-28 17:13:17.826	i2b2	\N
i2b2	kuBKnDZedmiC5ZFvgFHE	2013-03-28 17:43:18.177	\N	2013-03-28 17:13:18.177	i2b2	\N
i2b2	QvpWyXTTxNaveaHMFOxs	2013-03-28 17:46:37.828	\N	2013-03-28 17:16:37.828	i2b2	\N
i2b2	XlDICjY792js79JOnOkg	2013-03-28 17:46:41.517	\N	2013-03-28 17:16:41.517	i2b2	\N
i2b2	k7YfhovsAxbNfwCv1Tp3	2013-03-28 17:46:48.092	\N	2013-03-28 17:16:48.092	i2b2	\N
i2b2	KJ1sCbSMx39Fk54EuHbd	2013-03-28 17:46:49.699	\N	2013-03-28 17:16:49.699	i2b2	\N
i2b2	Xs7gyJNKnpxC5ZAbgiAw	2013-03-28 17:46:53.838	\N	2013-03-28 17:16:53.838	i2b2	\N
i2b2	JGA1UDeEc5769RxMoumB	2013-03-28 17:46:56.122	\N	2013-03-28 17:16:56.122	i2b2	\N
i2b2	VB6Nt228W95u2HVxXq5M	2013-03-28 17:47:00.52	\N	2013-03-28 17:17:00.52	i2b2	\N
i2b2	LpVXMTAB7NXn5CVR6EgA	2013-03-28 17:47:02.621	\N	2013-03-28 17:17:02.621	i2b2	\N
i2b2	eX3GL5sMGsBwCtVqIGbt	2013-03-28 17:47:02.802	\N	2013-03-28 17:17:02.802	i2b2	\N
i2b2	dExvhZlXjpDfAbyweYD7	2013-03-28 17:47:02.981	\N	2013-03-28 17:17:02.981	i2b2	\N
i2b2	qyDbI2iHoJanwSEgnLo2	2013-03-28 17:47:03.333	\N	2013-03-28 17:17:03.333	i2b2	\N
i2b2	2UGFbIVrOtkYMZlcV2nE	2013-03-28 17:55:21.038	\N	2013-03-28 17:25:21.038	i2b2	\N
i2b2	yYmnLNHvhpmPvga6mSjU	2013-03-28 17:55:23.496	\N	2013-03-28 17:25:23.496	i2b2	\N
i2b2	N8BiKj4RWwdQwFBruhA7	2013-03-28 17:55:33.689	\N	2013-03-28 17:25:33.689	i2b2	\N
i2b2	TeIMEO1en45qbML2xyvq	2013-03-28 17:55:36.15	\N	2013-03-28 17:25:36.15	i2b2	\N
i2b2	m3Ss1ZQNcj3ZqvxZjixk	2013-03-28 17:55:40.529	\N	2013-03-28 17:25:40.529	i2b2	\N
i2b2	qMxpJoOjkQQoc41SweGW	2013-03-28 17:55:44.179	\N	2013-03-28 17:25:44.179	i2b2	\N
i2b2	L39gaaamllDhTQWub50T	2013-03-28 17:55:46.858	\N	2013-03-28 17:25:46.858	i2b2	\N
i2b2	r2NlmtTmo3s6xG8ubiKT	2013-03-28 17:55:49.342	\N	2013-03-28 17:25:49.342	i2b2	\N
i2b2	WLdxe17zkM9bxhpnkEDj	2013-03-28 17:55:50.219	\N	2013-03-28 17:25:50.219	i2b2	\N
i2b2	NySYpHplzs3X2YBuSxmv	2013-03-28 17:55:50.404	\N	2013-03-28 17:25:50.404	i2b2	\N
i2b2	jjj6FTW1380Yb46arA1c	2013-03-28 17:55:50.585	\N	2013-03-28 17:25:50.585	i2b2	\N
i2b2	2cBNWQNnTsjpuxOwYp0E	2013-03-28 17:55:50.936	\N	2013-03-28 17:25:50.936	i2b2	\N
i2b2	7QxBHzVLJkZHxbHfyY8Z	2013-03-28 18:00:24.753	\N	2013-03-28 17:30:24.753	i2b2	\N
i2b2	TEvbc7p3AGnSzwgvZtkR	2013-03-28 18:00:30.261	\N	2013-03-28 17:30:30.261	i2b2	\N
i2b2	U7hmQTm79PB0iRhMPdGD	2013-03-28 18:00:32.724	\N	2013-03-28 17:30:32.724	i2b2	\N
i2b2	JIZMDGWjdjVA2nr8Rcci	2013-03-28 18:00:36.754	\N	2013-03-28 17:30:36.754	i2b2	\N
i2b2	4tCHCrxl3o7Ip516hh2g	2013-03-28 18:00:41.689	\N	2013-03-28 17:30:41.689	i2b2	\N
i2b2	UvmABAflrD3UfvPOmFrT	2013-03-28 18:00:43.742	\N	2013-03-28 17:30:43.742	i2b2	\N
i2b2	Qcdx7ywt95daDSaKsGyp	2013-03-28 18:00:54.244	\N	2013-03-28 17:30:54.244	i2b2	\N
i2b2	pPM19wdcU8SRula0fBBk	2013-03-28 18:00:56.081	\N	2013-03-28 17:30:56.081	i2b2	\N
i2b2	BJNF5u7Nkg8stlUfu4LZ	2013-03-28 18:00:57.409	\N	2013-03-28 17:30:57.409	i2b2	\N
i2b2	Utjph21tAUTTOZ3ndnDp	2013-03-28 18:00:57.592	\N	2013-03-28 17:30:57.592	i2b2	\N
i2b2	ug3tGBSgKwSvo1k6jRJc	2013-03-28 18:00:58.063	\N	2013-03-28 17:30:58.063	i2b2	\N
i2b2	oyDuKMObWujlmYpJr8Mw	2013-03-28 18:00:58.41	\N	2013-03-28 17:30:58.41	i2b2	\N
i2b2	RuVja2tKgeoddr6WbrCR	2013-03-28 18:18:11.596	\N	2013-03-28 17:48:11.596	i2b2	\N
i2b2	N55hFupdYgDAWe7Vg3X7	2013-03-28 18:18:30.988	\N	2013-03-28 17:48:30.988	i2b2	\N
i2b2	5Ibbk1UVJU1Xeyk1QwXv	2013-03-28 18:18:33.535	\N	2013-03-28 17:48:33.535	i2b2	\N
i2b2	gnsYtfl7L81nZTtO3nHd	2013-03-28 18:18:49.843	\N	2013-03-28 17:48:49.843	i2b2	\N
i2b2	44YwGKtywYDGr5b6sHhl	2013-03-28 18:18:51.987	\N	2013-03-28 17:48:51.987	i2b2	\N
i2b2	kNQJjcVRtSY1XZfbf2vs	2013-03-28 18:18:58.23	\N	2013-03-28 17:48:58.23	i2b2	\N
i2b2	DCB7PhYhesXUwjltZEgW	2013-03-28 18:19:00.97	\N	2013-03-28 17:49:00.97	i2b2	\N
i2b2	5Jgt0HvKcdJRCbdmYPmV	2013-03-28 18:19:09.026	\N	2013-03-28 17:49:09.026	i2b2	\N
i2b2	Bv4HJeKPFZkrTxM9ef19	2013-03-28 18:19:09.241	\N	2013-03-28 17:49:09.241	i2b2	\N
i2b2	4ojMmV95fyIZj9IYZeAa	2013-03-28 18:19:09.421	\N	2013-03-28 17:49:09.421	i2b2	\N
i2b2	3huDvZgNhe6SllYBsY1O	2013-03-28 18:19:09.769	\N	2013-03-28 17:49:09.769	i2b2	\N
i2b2	TnON9OdR7DNHLpQq8tNN	2013-03-28 18:29:05.984	\N	2013-03-28 17:59:05.984	i2b2	\N
i2b2	FMvNqPSvYyYH1HMG6bCD	2013-03-28 18:29:12.728	\N	2013-03-28 17:59:12.728	i2b2	\N
i2b2	qz9MuSma1mLAwWROsylX	2013-03-28 18:29:48.136	\N	2013-03-28 17:59:48.136	i2b2	\N
i2b2	t6H8LVRLRd3PKpeZx8gT	2013-03-28 18:29:50.676	\N	2013-03-28 17:59:50.676	i2b2	\N
i2b2	oAsIO7hui0ql42T9em2c	2013-03-28 18:29:52.601	\N	2013-03-28 17:59:52.601	i2b2	\N
i2b2	MAackfBbKzpSQl5VPYjq	2013-03-28 18:29:59.882	\N	2013-03-28 17:59:59.882	i2b2	\N
i2b2	09ifpoZqvWnXv9fk5aqu	2013-03-28 18:30:04.387	\N	2013-03-28 18:00:04.387	i2b2	\N
i2b2	MY5RSjT65Hms1PxlEpqB	2013-03-28 18:30:05.683	\N	2013-03-28 18:00:05.683	i2b2	\N
i2b2	YBwzbo8MbUQEJYO6lDqf	2013-03-28 18:30:05.87	\N	2013-03-28 18:00:05.87	i2b2	\N
i2b2	1a5O9bway4IFipq6LxX3	2013-03-28 18:30:06.049	\N	2013-03-28 18:00:06.049	i2b2	\N
i2b2	B8CAnsM7gx6k9ibVx0B9	2013-03-28 18:30:06.396	\N	2013-03-28 18:00:06.396	i2b2	\N
i2b2	gP9O9JrhBkOWBkKnt4vG	2013-03-28 18:35:56.558	\N	2013-03-28 18:05:56.558	i2b2	\N
i2b2	jTd1gRYZCgPiuyASkboY	2013-03-28 18:36:48.704	\N	2013-03-28 18:06:48.704	i2b2	\N
i2b2	3aEF2SUUV8RZiGjnJ21P	2013-03-28 18:36:55.13	\N	2013-03-28 18:06:55.13	i2b2	\N
i2b2	1mDXOt34omTT1qFmjHNd	2013-03-28 18:37:26.377	\N	2013-03-28 18:07:26.377	i2b2	\N
i2b2	4UKawYmWV991Hif3dKQR	2013-03-28 18:37:29.654	\N	2013-03-28 18:07:29.654	i2b2	\N
i2b2	HnH1KUwyxER5YAFGX5w5	2013-03-28 18:37:31.969	\N	2013-03-28 18:07:31.969	i2b2	\N
i2b2	BfN8DU1o4wHwGbxhCpaT	2013-03-28 18:37:33.668	\N	2013-03-28 18:07:33.668	i2b2	\N
i2b2	tE2DqJG3sSRuz5DgC7Zj	2013-03-28 18:37:33.857	\N	2013-03-28 18:07:33.857	i2b2	\N
i2b2	NmyJv9SoIcnBlhCImjle	2013-03-28 18:37:34.319	\N	2013-03-28 18:07:34.319	i2b2	\N
i2b2	WiKiIY4EdjD52vUF4TXY	2013-03-28 18:37:34.665	\N	2013-03-28 18:07:34.665	i2b2	\N
i2b2	N6rOVRbWVWmeWmVTR2ZZ	2013-03-28 18:38:13.432	\N	2013-03-28 18:08:13.432	i2b2	\N
i2b2	5LHBnEJIDlsCnUMhYoda	2013-03-28 18:41:20.694	\N	2013-03-28 18:11:20.694	i2b2	\N
i2b2	tQDTHL6jiA1VIgSEh5rH	2013-03-28 18:41:35.201	\N	2013-03-28 18:11:35.201	i2b2	\N
i2b2	wKifMgJRDRr9toI3hClt	2013-03-28 18:42:17.173	\N	2013-03-28 18:12:17.173	i2b2	\N
i2b2	gTiKBpiAqpcWWjlFXNKs	2013-03-28 18:42:19.573	\N	2013-03-28 18:12:19.574	i2b2	\N
i2b2	akX6okNy0MnVFjXdaHHc	2013-03-28 18:42:29.058	\N	2013-03-28 18:12:29.058	i2b2	\N
i2b2	vA9zWoVmO4tZtZfUvOxD	2013-03-28 18:42:31.058	\N	2013-03-28 18:12:31.058	i2b2	\N
i2b2	zJzTR8RZSPLEDc8lB1Ni	2013-03-28 18:42:33.525	\N	2013-03-28 18:12:33.525	i2b2	\N
i2b2	NiEFW2aOfuvhxLhYZUiy	2013-03-28 18:42:33.703	\N	2013-03-28 18:12:33.703	i2b2	\N
i2b2	pWkLQwjCsWoAMfaNRt4D	2013-03-28 18:42:33.883	\N	2013-03-28 18:12:33.883	i2b2	\N
i2b2	tWnx6k62rwtu5gImFipN	2013-03-28 18:42:34.265	\N	2013-03-28 18:12:34.265	i2b2	\N
i2b2	CSHkfDE1pgA1atMwIPDt	2013-03-28 18:50:41.131	\N	2013-03-28 18:20:41.131	i2b2	\N
i2b2	i0XRFEOkbL3TafLEamtl	2013-03-28 18:50:42.952	\N	2013-03-28 18:20:42.952	i2b2	\N
i2b2	4Jebmf5SxvhsNUuitYre	2013-03-28 18:50:46.557	\N	2013-03-28 18:20:46.557	i2b2	\N
i2b2	44MvBXQANJtXYXndlydr	2013-03-28 18:50:51.203	\N	2013-03-28 18:20:51.203	i2b2	\N
i2b2	VlldxHiibxtILt8iYdJo	2013-03-28 18:50:55.587	\N	2013-03-28 18:20:55.587	i2b2	\N
i2b2	z2rYr418nc1KdUOEaCsn	2013-03-28 18:50:57.59	\N	2013-03-28 18:20:57.59	i2b2	\N
i2b2	HYvJEfA7Fxcuf7syRmXu	2013-03-28 18:50:58.637	\N	2013-03-28 18:20:58.637	i2b2	\N
i2b2	M602NIAArAtlkxTWTXXh	2013-03-28 18:50:58.841	\N	2013-03-28 18:20:58.841	i2b2	\N
i2b2	4YObEyioPEGifHgnDr8b	2013-03-28 18:50:59.027	\N	2013-03-28 18:20:59.027	i2b2	\N
i2b2	mBEck9lKEmNwalumNMOX	2013-03-28 18:50:59.399	\N	2013-03-28 18:20:59.399	i2b2	\N
i2b2	W1cL67LNHGYK8u1wdgxn	2013-03-28 18:53:25.507	\N	2013-03-28 18:23:25.507	i2b2	\N
i2b2	FriY414L4Ftt3VhPe79a	2013-03-28 18:53:28.419	\N	2013-03-28 18:23:28.419	i2b2	\N
i2b2	181wTpOQ6xTgNSytiCUp	2013-03-28 18:53:35.808	\N	2013-03-28 18:23:35.808	i2b2	\N
i2b2	8z3AbdAq2cJPE9JhUOMJ	2013-03-28 18:53:38.467	\N	2013-03-28 18:23:38.467	i2b2	\N
i2b2	TKmda9r7cRcRhxLba93D	2013-03-28 18:53:42.435	\N	2013-03-28 18:23:42.435	i2b2	\N
i2b2	tyB9QLLFXdWYsB2Y0cIJ	2013-03-28 18:53:45.296	\N	2013-03-28 18:23:45.296	i2b2	\N
i2b2	2ZQUTNDiExx9YcuZK78f	2013-03-28 18:53:46.314	\N	2013-03-28 18:23:46.314	i2b2	\N
i2b2	wJ0tovhDuIs1L1s7Nwje	2013-03-28 18:53:46.495	\N	2013-03-28 18:23:46.495	i2b2	\N
i2b2	lm8u09y63u6lTuZ3g8IG	2013-03-28 18:53:46.674	\N	2013-03-28 18:23:46.674	i2b2	\N
i2b2	0Pys3bgJu9eQnlGS5dTV	2013-03-28 18:53:47.312	\N	2013-03-28 18:23:47.312	i2b2	\N
i2b2	ACa4abYrGuKAtLhsfoWJ	2013-03-29 10:33:11.715	\N	2013-03-29 10:03:11.715	i2b2	\N
i2b2	3L2U4gLfAoMdq1JyzMCW	2013-03-29 10:33:19.743	\N	2013-03-29 10:03:19.743	i2b2	\N
i2b2	3wQ3lG8Ki1qSWf5hQPib	2013-03-29 10:33:21.954	\N	2013-03-29 10:03:21.954	i2b2	\N
i2b2	3qUy5wrPZpLYvBqQjbV2	2013-03-29 10:33:28.38	\N	2013-03-29 10:03:28.38	i2b2	\N
i2b2	3rwsWoyLNTnn8e3rHUR9	2013-03-29 10:33:30.073	\N	2013-03-29 10:03:30.073	i2b2	\N
i2b2	xXdF2s8MS93JZk5gEwNb	2013-03-29 10:33:33.542	\N	2013-03-29 10:03:33.542	i2b2	\N
i2b2	NiT3tLAq04TGIRJLJHKG	2013-03-29 10:33:36.785	\N	2013-03-29 10:03:36.785	i2b2	\N
i2b2	uQvZe26HhuqxJco7VLZH	2013-03-29 10:33:38.985	\N	2013-03-29 10:03:38.985	i2b2	\N
i2b2	zuLUNjsZ9i7o6dgwGGBk	2013-03-29 10:33:40.183	\N	2013-03-29 10:03:40.183	i2b2	\N
i2b2	bCiWKGuXjFsxHHjqtGaX	2013-03-29 10:33:40.468	\N	2013-03-29 10:03:40.468	i2b2	\N
i2b2	88NPgBYZ6DeQFsps5JDI	2013-03-29 10:33:40.652	\N	2013-03-29 10:03:40.652	i2b2	\N
i2b2	B8mvZlBFNTrHpsiTpLyb	2013-03-29 10:33:41.043	\N	2013-03-29 10:03:41.043	i2b2	\N
i2b2	idSZ6jIbsHfelOvFpNlU	2013-03-29 10:46:41.409	\N	2013-03-29 10:16:41.409	i2b2	\N
i2b2	kyQKePGA1FAv2amXp8Pc	2013-03-29 11:40:23.318	\N	2013-03-29 11:10:23.318	i2b2	\N
i2b2	mySG7PQDNHsu91XToRWp	2013-03-29 11:40:26.171	\N	2013-03-29 11:10:26.172	i2b2	\N
i2b2	3SWsqCa0E3dw84AnUKa9	2013-03-29 11:40:34.888	\N	2013-03-29 11:10:34.888	i2b2	\N
i2b2	Xwlj1pWEN10gRTtZHQtA	2013-03-29 11:40:37.118	\N	2013-03-29 11:10:37.118	i2b2	\N
i2b2	iOOCr6Y8gCcHfJWWDmXc	2013-03-29 11:40:40.275	\N	2013-03-29 11:10:40.275	i2b2	\N
i2b2	Fpw9sucOVQ6s7t4AB1D7	2013-03-29 11:40:44.39	\N	2013-03-29 11:10:44.39	i2b2	\N
i2b2	d4LKD2yJswkwM6DHtmqA	2013-03-29 11:40:48.288	\N	2013-03-29 11:10:48.288	i2b2	\N
i2b2	oYDltOrYvHQv8YY6acXm	2013-03-29 11:40:49.602	\N	2013-03-29 11:10:49.602	i2b2	\N
i2b2	fwG8jSEOrSOCRH1Cimai	2013-03-29 11:40:49.885	\N	2013-03-29 11:10:49.886	i2b2	\N
i2b2	easZZrCoTBS7shJCiBS3	2013-03-29 11:40:51.181	\N	2013-03-29 11:10:51.181	i2b2	\N
i2b2	mOdX2sUMLaNHUCM6trz6	2013-03-29 11:47:54.395	\N	2013-03-29 11:17:54.395	i2b2	\N
i2b2	ki9XhZaQnu0w9ISeH8vI	2013-03-29 11:48:29.01	\N	2013-03-29 11:18:29.01	i2b2	\N
i2b2	PPseJUSuhpTnXbJlZ8Ru	2013-03-29 11:50:58.372	\N	2013-03-29 11:20:58.372	i2b2	\N
i2b2	j51eAZHUNJRBpRnNNHd8	2013-03-29 11:53:06.665	\N	2013-03-29 11:23:06.665	i2b2	\N
i2b2	yBsicaiYsLAoKSWRvaes	2013-03-29 12:01:25.708	\N	2013-03-29 11:31:25.708	i2b2	\N
i2b2	AJWeSyOLJa3Q6klOlY1u	2013-03-29 12:01:28.851	\N	2013-03-29 11:31:28.851	i2b2	\N
i2b2	EgwTV1PmvOWYUZ8DrKcK	2013-03-29 12:01:34.89	\N	2013-03-29 11:31:34.89	i2b2	\N
i2b2	DB0R9mdH1SEKKx0v5hUN	2013-03-29 12:01:37.308	\N	2013-03-29 11:31:37.308	i2b2	\N
i2b2	YWrlB7wi7cskA8MOIZWI	2013-03-29 12:01:44.663	\N	2013-03-29 11:31:44.663	i2b2	\N
i2b2	a8UnqRJlHegTqUG8pnkg	2013-03-29 12:01:47.309	\N	2013-03-29 11:31:47.309	i2b2	\N
i2b2	i77D2gatOvdXaQpWxjYY	2013-03-29 12:01:49.673	\N	2013-03-29 11:31:49.673	i2b2	\N
i2b2	GnfIRqp5xSsMzGX89JoL	2013-03-29 12:01:50.027	\N	2013-03-29 11:31:50.027	i2b2	\N
i2b2	gCQQ1Ffhq9vw7VHXCMBf	2013-03-29 12:01:50.266	\N	2013-03-29 11:31:50.267	i2b2	\N
i2b2	OLwE7Z3jd57a5uOsivcp	2013-03-29 12:01:50.691	\N	2013-03-29 11:31:50.691	i2b2	\N
i2b2	ioOyI9Rwg5LUtcqx199K	2013-03-29 12:09:58.192	\N	2013-03-29 11:39:58.192	i2b2	\N
i2b2	JFBm19nrUqCBctF6FwWO	2013-03-29 12:10:00.489	\N	2013-03-29 11:40:00.489	i2b2	\N
i2b2	L91FRnmQ0HiMaGGYFV7i	2013-03-29 12:10:04.376	\N	2013-03-29 11:40:04.376	i2b2	\N
i2b2	CbAPNZUBuh77ZwKOdKfS	2013-03-29 12:10:06.437	\N	2013-03-29 11:40:06.437	i2b2	\N
i2b2	g0XkYsI5t3Ox84k4ZDSM	2013-03-29 12:10:07.341	\N	2013-03-29 11:40:07.341	i2b2	\N
i2b2	gH886qLfB1w9bHXhWHtB	2013-03-29 12:10:18.058	\N	2013-03-29 11:40:18.058	i2b2	\N
i2b2	AhuuYnMcPEDvYvSQk1NT	2013-03-29 12:10:20.244	\N	2013-03-29 11:40:20.244	i2b2	\N
i2b2	bnCAaDQauJlRMlAcc4ot	2013-03-29 12:10:21.256	\N	2013-03-29 11:40:21.256	i2b2	\N
i2b2	wvomqx5CLpKuqfiFu3C0	2013-03-29 12:10:21.472	\N	2013-03-29 11:40:21.472	i2b2	\N
i2b2	8sL7BPZ9VpcpmcNdU49j	2013-03-29 12:10:21.683	\N	2013-03-29 11:40:21.683	i2b2	\N
i2b2	FHiQMaAlwBl2QTjIAdJO	2013-03-29 12:10:23.084	\N	2013-03-29 11:40:23.084	i2b2	\N
i2b2	TI8Snrk6KAArsJirpEL6	2013-03-29 13:52:27.061	\N	2013-03-29 13:22:27.061	i2b2	\N
i2b2	1dFMWkqlUp6IhFKGjuzj	2013-03-29 13:52:33.347	\N	2013-03-29 13:22:33.347	i2b2	\N
i2b2	cK99uTcG6dtW5vXoBVcC	2013-03-29 13:56:08.26	\N	2013-03-29 13:26:08.26	i2b2	\N
i2b2	2qfwhS8rEJIxfTEq6WLt	2013-03-29 13:56:40.905	\N	2013-03-29 13:26:40.905	i2b2	\N
i2b2	e3RpNpiwccfprcn81s8g	2013-03-29 13:56:41.162	\N	2013-03-29 13:26:41.162	i2b2	\N
i2b2	P3wl6j2s8OyfltURiIxZ	2013-03-29 13:56:47.286	\N	2013-03-29 13:26:47.286	i2b2	\N
i2b2	nO4YMt2CZI22cBFxj2z6	2013-03-29 13:56:53.46	\N	2013-03-29 13:26:53.46	i2b2	\N
i2b2	am44w4dgaXqei1IgXGmx	2013-03-29 13:57:01.039	\N	2013-03-29 13:27:01.039	i2b2	\N
i2b2	JS85iOKsUjozMnJ3wUu2	2013-03-29 13:57:04.935	\N	2013-03-29 13:27:04.935	i2b2	\N
i2b2	xmi8cNrJlJMVw4enpSig	2013-03-29 13:57:07.845	\N	2013-03-29 13:27:07.845	i2b2	\N
i2b2	goCqbSvd9dwr7xDhZNaj	2013-03-29 13:57:09.936	\N	2013-03-29 13:27:09.936	i2b2	\N
i2b2	93OPbNTrYVH4fhv9Atpw	2013-03-29 13:57:10.151	\N	2013-03-29 13:27:10.151	i2b2	\N
i2b2	FEflAn9qDTx1s02xz6Ww	2013-03-29 13:57:10.357	\N	2013-03-29 13:27:10.357	i2b2	\N
i2b2	xLo8D7NDnO1MPYaza7pf	2013-03-29 13:57:10.746	\N	2013-03-29 13:27:10.746	i2b2	\N
i2b2	Ca09j9qfDaYx2EnJYHuI	2013-03-29 14:00:35.22	\N	2013-03-29 13:30:35.22	i2b2	\N
i2b2	rpj729dupNPorHtULwQE	2013-03-29 14:00:35.439	\N	2013-03-29 13:30:35.439	i2b2	\N
i2b2	qjSLhTBqmCtzkdQZTePg	2013-03-29 14:00:38.123	\N	2013-03-29 13:30:38.123	i2b2	\N
i2b2	X6rloCHbRHpMRq4bRq84	2013-03-29 14:00:40.643	\N	2013-03-29 13:30:40.643	i2b2	\N
i2b2	Yhhtns0gI6Jnm6VYDHEo	2013-03-29 14:00:42.852	\N	2013-03-29 13:30:42.852	i2b2	\N
i2b2	hTeeaQsxBkXYqPuYYVVt	2013-03-29 14:01:13.251	\N	2013-03-29 13:31:13.251	i2b2	\N
i2b2	Hfnmps1FlyNLrsg9hiTm	2013-03-29 14:01:15.61	\N	2013-03-29 13:31:15.61	i2b2	\N
i2b2	EGxeIyN1N1deW5JfLTkO	2013-03-29 14:01:16.638	\N	2013-03-29 13:31:16.638	i2b2	\N
i2b2	Ci4775nQoXvgKfsRe5us	2013-03-29 14:01:16.858	\N	2013-03-29 13:31:16.858	i2b2	\N
i2b2	EoT9TNQSE9cQo9OPIO3i	2013-03-29 14:01:17.058	\N	2013-03-29 13:31:17.058	i2b2	\N
i2b2	cuUfaRuu9ZVxE41lNkoq	2013-03-29 14:01:17.43	\N	2013-03-29 13:31:17.43	i2b2	\N
i2b2	Az93tH1s8mM8lSqaVnVu	2013-03-29 14:15:04.835	\N	2013-03-29 13:45:04.835	i2b2	\N
i2b2	G6YasfJDNCPA90WWKgbf	2013-03-29 14:15:04.984	\N	2013-03-29 13:45:04.984	i2b2	\N
i2b2	ajW7vhsOAq63TeRWLVvc	2013-03-29 14:15:07.266	\N	2013-03-29 13:45:07.266	i2b2	\N
i2b2	PSXOpQQ56y6JpI55ZcEK	2013-03-29 14:15:16.092	\N	2013-03-29 13:45:16.092	i2b2	\N
i2b2	HKfMsbAjrieLvRidhT2G	2013-03-29 14:15:18.298	\N	2013-03-29 13:45:18.298	i2b2	\N
i2b2	b1k4Ae2XJRq2E7wKs5wg	2013-03-29 14:15:20.624	\N	2013-03-29 13:45:20.624	i2b2	\N
i2b2	vkDrom4DELgFw37w3VT9	2013-03-29 14:15:23.68	\N	2013-03-29 13:45:23.68	i2b2	\N
i2b2	RScK1dsAnCJXxmbaZoad	2013-03-29 14:15:59.591	\N	2013-03-29 13:45:59.591	i2b2	\N
i2b2	gLaYQaulOgh7iQ1LD4Sg	2013-03-29 14:15:59.962	\N	2013-03-29 13:45:59.962	i2b2	\N
i2b2	fdby27ykZGVQwGqKy5Tl	2013-03-29 14:16:00.157	\N	2013-03-29 13:46:00.157	i2b2	\N
i2b2	WGMMc5P9tki8kna5nO0i	2013-03-29 14:16:00.951	\N	2013-03-29 13:46:00.951	i2b2	\N
i2b2	LhsfVqDoZf2vnFaHFW6V	2013-03-29 15:36:51.771	\N	2013-03-29 15:06:51.771	i2b2	\N
i2b2	U5M3bD8gqH8y148HZ8H2	2013-03-29 15:36:51.982	\N	2013-03-29 15:06:51.982	i2b2	\N
i2b2	NRELsffZO3Gylhbv3i7H	2013-03-29 15:36:54.406	\N	2013-03-29 15:06:54.406	i2b2	\N
i2b2	CmrHHhltHufvsSSooM2O	2013-03-29 15:49:31.654	\N	2013-03-29 15:19:31.654	i2b2	\N
i2b2	sM57s2dPTH8dDSdUCU3h	2013-03-29 15:59:22.13	\N	2013-03-29 15:29:22.13	i2b2	\N
i2b2	IHkOa7PAYp6yjqtKbbjb	2013-03-29 15:59:22.357	\N	2013-03-29 15:29:22.357	i2b2	\N
i2b2	OvdTkTy5nTH2wxrHiC6w	2013-03-29 15:59:24.595	\N	2013-03-29 15:29:24.595	i2b2	\N
i2b2	3aFGAuvduXAtMCLi815e	2013-03-29 15:59:31.676	\N	2013-03-29 15:29:31.676	i2b2	\N
i2b2	ehxsj5F5tOeShUW4c1bL	2013-03-29 15:59:34.233	\N	2013-03-29 15:29:34.233	i2b2	\N
i2b2	2dAIuYVDGQP5BfkXWdSZ	2013-03-29 15:59:39.847	\N	2013-03-29 15:29:39.847	i2b2	\N
i2b2	BfuJRCrn1EkVvZQTZS9D	2013-03-29 15:59:42.685	\N	2013-03-29 15:29:42.685	i2b2	\N
i2b2	C2uplArC9krdygLLyekO	2013-03-29 15:59:47.409	\N	2013-03-29 15:29:47.409	i2b2	\N
i2b2	eCo77O9nBhUZZkKrdunh	2013-03-29 15:59:50.199	\N	2013-03-29 15:29:50.199	i2b2	\N
i2b2	pPrddSLJB7eghcweYD4T	2013-03-29 15:59:52.392	\N	2013-03-29 15:29:52.392	i2b2	\N
i2b2	IWmlrqqHQwuSTeiEpOMk	2013-03-29 15:59:52.687	\N	2013-03-29 15:29:52.687	i2b2	\N
i2b2	IdfGEnlJA0HWiwudgn7M	2013-03-29 15:59:52.879	\N	2013-03-29 15:29:52.879	i2b2	\N
i2b2	D1DhLdIOy3whGHZrK6U3	2013-03-29 15:59:53.323	\N	2013-03-29 15:29:53.323	i2b2	\N
i2b2	JVJ4NCW3reeY1RqLAFHT	2013-03-29 16:14:21.209	\N	2013-03-29 15:44:21.209	i2b2	\N
i2b2	Lg3PSGgxa6ALMpCxThpQ	2013-03-29 16:14:21.498	\N	2013-03-29 15:44:21.498	i2b2	\N
i2b2	XMc7x4EblJqHnjqfLrqj	2013-03-29 16:17:12.163	\N	2013-03-29 15:47:12.163	i2b2	\N
i2b2	7TU3ypYVYZHfZZQsNveP	2013-03-29 16:17:12.796	\N	2013-03-29 15:47:12.797	i2b2	\N
i2b2	maD3DXqMLx4DMibjE3Zx	2013-03-29 16:17:13.024	\N	2013-03-29 15:47:13.024	i2b2	\N
i2b2	1TtRkafXPJ58pR26YbPk	2013-03-29 16:17:19.934	\N	2013-03-29 15:47:19.934	i2b2	\N
i2b2	2nHbnhErFmYtNMQw4m6Y	2013-03-29 16:17:22.929	\N	2013-03-29 15:47:22.929	i2b2	\N
i2b2	C4sAL1M9pMErE8QUwJA5	2013-03-29 16:17:29.731	\N	2013-03-29 15:47:29.731	i2b2	\N
i2b2	Kyieu1ZlCr3hSn9Zlx5z	2013-03-29 16:17:31.826	\N	2013-03-29 15:47:31.826	i2b2	\N
i2b2	VZP7TWGrKhCBKQiovLgJ	2013-03-29 16:17:33.771	\N	2013-03-29 15:47:33.771	i2b2	\N
i2b2	BFlUwXrbDuupPkGvAq9g	2013-03-29 16:17:33.974	\N	2013-03-29 15:47:33.974	i2b2	\N
i2b2	8aAlEnA9JDtSrAxYrsBs	2013-03-29 16:17:34.168	\N	2013-03-29 15:47:34.168	i2b2	\N
i2b2	KWsVlF6x5ZdaNulfabat	2013-03-29 16:17:34.533	\N	2013-03-29 15:47:34.533	i2b2	\N
i2b2	dNG3tkn2HcTEvkcZlhfQ	2013-03-29 16:23:51.327	\N	2013-03-29 15:53:51.327	i2b2	\N
i2b2	k1dMjncLef7YvWsL4vZ5	2013-03-29 16:23:51.513	\N	2013-03-29 15:53:51.513	i2b2	\N
i2b2	jFPHEPrhrOopeZGDR5TP	2013-03-29 16:23:53.432	\N	2013-03-29 15:53:53.432	i2b2	\N
i2b2	eFTkRDGhdAUtAp2OkwS1	2013-03-29 16:23:59.898	\N	2013-03-29 15:53:59.898	i2b2	\N
i2b2	pSTHpReXZmXT4lLte6eq	2013-03-29 16:24:02.728	\N	2013-03-29 15:54:02.728	i2b2	\N
i2b2	PbVP5iXaB70OA0rFavwj	2013-03-29 16:24:04.983	\N	2013-03-29 15:54:04.983	i2b2	\N
i2b2	tlz5ZpIjkM7MH7G37EJ9	2013-03-29 16:24:09.849	\N	2013-03-29 15:54:09.849	i2b2	\N
i2b2	QqRJlZlnan2nuCLVGZag	2013-03-29 16:24:12.186	\N	2013-03-29 15:54:12.186	i2b2	\N
i2b2	M96vFWpga7KauMweBp3Z	2013-03-29 16:24:13.932	\N	2013-03-29 15:54:13.932	i2b2	\N
i2b2	6lQguPMXlhHFXWAbOiD2	2013-03-29 16:24:14.146	\N	2013-03-29 15:54:14.146	i2b2	\N
i2b2	msbZQ8omFKagMoeDNtN5	2013-03-29 16:24:14.346	\N	2013-03-29 15:54:14.346	i2b2	\N
i2b2	kS7uxJ5P6xy4ey7R83d0	2013-03-29 16:24:14.772	\N	2013-03-29 15:54:14.772	i2b2	\N
i2b2	hNsKvjjVBr9NoexZoGMG	2013-03-29 17:15:04.384	\N	2013-03-29 16:45:04.384	i2b2	\N
i2b2	yLk4dt1NDmFjmInOq4WD	2013-03-29 17:15:04.612	\N	2013-03-29 16:45:04.612	i2b2	\N
i2b2	sVUyALOUqXmjyxuSfd1P	2013-03-29 17:15:07.961	\N	2013-03-29 16:45:07.961	i2b2	\N
i2b2	R3hN2EWU33TkiwvisW5N	2013-03-29 17:15:15.478	\N	2013-03-29 16:45:15.478	i2b2	\N
i2b2	RaYi1hxEcKmpxPslSQ7X	2013-03-29 17:15:21.569	\N	2013-03-29 16:45:21.569	i2b2	\N
i2b2	AjPhS3FxPGdTOwyXtFr2	2013-03-29 17:15:27.81	\N	2013-03-29 16:45:27.81	i2b2	\N
i2b2	EbuN2xkcNUNHZ5iVjU8U	2013-03-29 17:15:34.786	\N	2013-03-29 16:45:34.786	i2b2	\N
i2b2	8VIJ8HOWip3hSgFACmUQ	2013-03-29 17:15:37.13	\N	2013-03-29 16:45:37.13	i2b2	\N
i2b2	QiOtd5nKR3HA21OfIkwE	2013-03-29 17:15:38.326	\N	2013-03-29 16:45:38.326	i2b2	\N
i2b2	LOixWi0r6qvf5gOYUTyI	2013-03-29 17:15:38.602	\N	2013-03-29 16:45:38.602	i2b2	\N
i2b2	rGmsk6HaMBCH9Cd2im9W	2013-03-29 17:15:39.091	\N	2013-03-29 16:45:39.091	i2b2	\N
i2b2	4TzmPZC8MOKm0Dxro6dH	2013-03-29 17:15:39.503	\N	2013-03-29 16:45:39.503	i2b2	\N
i2b2	sYYiDkKKhfimR9aNZdk6	2013-04-02 11:58:10.643	\N	2013-04-02 11:28:10.643	i2b2	\N
i2b2	YnODPCr3lV7n8jKjt7So	2013-04-02 11:58:11.669	\N	2013-04-02 11:28:11.669	i2b2	\N
i2b2	yKmPtkLDTXvo3UdbJlkQ	2013-04-02 11:58:14.41	\N	2013-04-02 11:28:14.41	i2b2	\N
i2b2	Cp62X4rip91XWfQ6tega	2013-04-02 11:58:19.403	\N	2013-04-02 11:28:19.403	i2b2	\N
i2b2	5j3EmwVJq8xGQ6twecsl	2013-04-02 12:32:54.501	\N	2013-04-02 12:02:54.501	i2b2	\N
i2b2	QWin3sUNncclURMqAjF4	2013-04-02 12:32:54.761	\N	2013-04-02 12:02:54.761	i2b2	\N
i2b2	bV9Ms5OD79G9O1D4nY8E	2013-04-02 12:33:11.186	\N	2013-04-02 12:03:11.186	i2b2	\N
i2b2	eSlTYmzsybNH7kwi28er	2013-04-02 12:33:13.04	\N	2013-04-02 12:03:13.04	i2b2	\N
i2b2	BpRClNeco9QBG38NGyKX	2013-04-02 12:33:18.876	\N	2013-04-02 12:03:18.876	i2b2	\N
i2b2	dUKo3o9I5dv6QnvqpnPl	2013-04-02 12:33:23.592	\N	2013-04-02 12:03:23.592	i2b2	\N
i2b2	DARnEMm2xp3nw9xrDHSK	2013-04-02 12:33:25.821	\N	2013-04-02 12:03:25.821	i2b2	\N
i2b2	ZcfvCnYxntYiFs1NdUfV	2013-04-02 12:33:29.706	\N	2013-04-02 12:03:29.706	i2b2	\N
i2b2	Hb38FHXeOEeLfQqE1gSr	2013-04-02 12:33:31.625	\N	2013-04-02 12:03:31.625	i2b2	\N
i2b2	JkKpZBC32dRa5kyVLuwb	2013-04-02 12:33:36.033	\N	2013-04-02 12:03:36.033	i2b2	\N
i2b2	KT5GXaoHe489McMAXOu4	2013-04-02 12:33:38.731	\N	2013-04-02 12:03:38.731	i2b2	\N
i2b2	OptOc8GldKLcvFAy5I4V	2013-04-02 12:33:42.821	\N	2013-04-02 12:03:42.821	i2b2	\N
i2b2	cHK1E9GvWGmlRRFUS84e	2013-04-02 12:33:50.659	\N	2013-04-02 12:03:50.66	i2b2	\N
i2b2	eaA4pqjVOZTNsqmFnBjn	2013-04-02 12:33:53.11	\N	2013-04-02 12:03:53.11	i2b2	\N
i2b2	YMLsXva6XxJdH2d2hebR	2013-04-02 12:33:54.968	\N	2013-04-02 12:03:54.968	i2b2	\N
i2b2	h6WHJT6WM2idi2Z8AA51	2013-04-02 12:33:56.476	\N	2013-04-02 12:03:56.476	i2b2	\N
i2b2	8CuSfhEG8Pr6LW7Pcg5X	2013-04-02 12:33:56.732	\N	2013-04-02 12:03:56.732	i2b2	\N
i2b2	bbrVqSBFH3nZDgWu7P9n	2013-04-02 12:33:58.365	\N	2013-04-02 12:03:58.365	i2b2	\N
i2b2	duoY9RcFRbapw2nLtRhD	2013-04-02 12:33:58.411	\N	2013-04-02 12:03:58.411	i2b2	\N
i2b2	wBawhupD2BhSo8YklVdh	2013-04-02 12:33:58.669	\N	2013-04-02 12:03:58.669	i2b2	\N
i2b2	HwZmpksHrpBpjLjUmpip	2013-04-02 12:33:58.927	\N	2013-04-02 12:03:58.927	i2b2	\N
i2b2	mCDdmNDY8ENEk5ZOWUnH	2013-04-02 12:33:59.429	\N	2013-04-02 12:03:59.429	i2b2	\N
i2b2	i8m9q4jCgTA7QCggdRcH	2013-04-02 12:44:21.615	\N	2013-04-02 12:14:21.615	i2b2	\N
i2b2	K3Mh4v6fEAK7TW8zIezO	2013-04-02 12:44:21.819	\N	2013-04-02 12:14:21.819	i2b2	\N
i2b2	cLNthK6o6wzxEll7xdgy	2013-04-02 12:44:28.054	\N	2013-04-02 12:14:28.054	i2b2	\N
i2b2	L4UZrkKSUbiF9VTMIK8t	2013-04-02 12:44:55.867	\N	2013-04-02 12:14:55.867	i2b2	\N
i2b2	tjoFoTaB9nq6RL4d1atE	2013-04-02 12:44:56.077	\N	2013-04-02 12:14:56.077	i2b2	\N
i2b2	3K2DwUF5rfuosHyjvpQK	2013-04-02 12:44:56.284	\N	2013-04-02 12:14:56.284	i2b2	\N
i2b2	dhqwM1lFDlv1OxdwhUUC	2013-04-02 12:44:56.716	\N	2013-04-02 12:14:56.716	i2b2	\N
i2b2	ilk3Z55IYhKXOXPPDyMt	2013-04-02 12:46:32.395	\N	2013-04-02 12:16:32.395	i2b2	\N
i2b2	kvoxoRhjpDqrQARR8ZB4	2013-04-02 12:46:32.609	\N	2013-04-02 12:16:32.609	i2b2	\N
i2b2	uCmsb597wGMK4ex6ESdv	2013-04-02 12:46:32.82	\N	2013-04-02 12:16:32.82	i2b2	\N
i2b2	iSEG9thoLrE87laxEUec	2013-04-02 12:46:33.216	\N	2013-04-02 12:16:33.216	i2b2	\N
i2b2	pcJQ6wSq9j7ou7TBOwG2	2013-04-02 13:09:22.392	\N	2013-04-02 12:39:22.392	i2b2	\N
i2b2	IsFw7q9kMsTx3Mefkvlw	2013-04-02 13:09:24.298	\N	2013-04-02 12:39:24.299	i2b2	\N
i2b2	6oitXpH4KIoMQUZvrtgc	2013-04-02 13:09:31.308	\N	2013-04-02 12:39:31.308	i2b2	\N
i2b2	22TWlCx5TmjF4SQPSlkl	2013-04-02 13:09:34.48	\N	2013-04-02 12:39:34.48	i2b2	\N
i2b2	ejuArq1NoAKeoTKDCvhu	2013-04-02 13:10:16.728	\N	2013-04-02 12:40:16.728	i2b2	\N
i2b2	qPiVFlutT9LftmVjbOR2	2013-04-02 13:10:18.863	\N	2013-04-02 12:40:18.863	i2b2	\N
i2b2	VRhqUvbRphoajOcgWMSE	2013-04-02 13:15:36.14	\N	2013-04-02 12:45:36.14	i2b2	\N
i2b2	gDEJznfRlGZVMrvCHQ2O	2013-04-02 13:15:47.53	\N	2013-04-02 12:45:47.53	i2b2	\N
i2b2	F8udMvDCqEiSnlFDpS7T	2013-04-02 13:18:45.669	\N	2013-04-02 12:48:45.669	i2b2	\N
i2b2	8RNkNRSQp5eWyEPys5qm	2013-04-02 13:18:47.56	\N	2013-04-02 12:48:47.56	i2b2	\N
i2b2	x4e3a3cjF0Vbdzxu2od6	2013-04-02 13:18:55.376	\N	2013-04-02 12:48:55.376	i2b2	\N
i2b2	hj7YOMEWmvknJPsVUcsu	2013-04-02 13:18:56.691	\N	2013-04-02 12:48:56.691	i2b2	\N
i2b2	2KH8ECqzePpaOM8FRvsk	2013-04-02 13:19:05.551	\N	2013-04-02 12:49:05.551	i2b2	\N
i2b2	SrQtc4V9sTqYgUbFooJa	2013-04-02 13:19:06.634	\N	2013-04-02 12:49:06.634	i2b2	\N
i2b2	PDA9shYCjucVYbQJZZb1	2013-04-02 13:19:42.679	\N	2013-04-02 12:49:42.679	i2b2	\N
i2b2	hFsvOqcifc2ZqKgY83we	2013-04-02 13:19:43.01	\N	2013-04-02 12:49:43.01	i2b2	\N
i2b2	84U3r6YQayfFEuQftN6n	2013-04-02 13:19:43.198	\N	2013-04-02 12:49:43.198	i2b2	\N
i2b2	3v0j9v94900Di23SSyqX	2013-04-02 13:19:43.406	\N	2013-04-02 12:49:43.406	i2b2	\N
i2b2	6Wv1VvWy8sWSD2qH9pLW	2013-04-02 13:19:43.423	\N	2013-04-02 12:49:43.423	i2b2	\N
i2b2	EaSIwdNwWVJhD4oPtnl1	2013-04-02 13:19:43.956	\N	2013-04-02 12:49:43.956	i2b2	\N
i2b2	Xj4rHwEgfmp6U8FDXLwm	2013-04-02 13:19:44.043	\N	2013-04-02 12:49:44.043	i2b2	\N
i2b2	97RrPgWgg8GKoAfwMCnM	2013-04-02 13:19:44.045	\N	2013-04-02 12:49:44.045	i2b2	\N
i2b2	kW9y3EtgRZvw2MatW026	2013-04-02 13:19:44.057	\N	2013-04-02 12:49:44.057	i2b2	\N
i2b2	6A7GAZet8YMdqkifziCK	2013-04-02 13:19:44.298	\N	2013-04-02 12:49:44.298	i2b2	\N
i2b2	CpMXLZZ8EKyTAWAe2EhZ	2013-04-02 13:19:44.445	\N	2013-04-02 12:49:44.445	i2b2	\N
i2b2	EWxaez4Tx0HttU8DR96x	2013-04-02 13:19:44.479	\N	2013-04-02 12:49:44.479	i2b2	\N
i2b2	YXUaUKHrdx6lLKd0RDU4	2013-04-02 13:19:44.492	\N	2013-04-02 12:49:44.492	i2b2	\N
i2b2	hXrOuUbxkSIuBaAGqhym	2013-04-02 13:19:44.646	\N	2013-04-02 12:49:44.646	i2b2	\N
i2b2	oT3XUxKGR6rHwyRaTZQz	2013-04-02 13:19:44.808	\N	2013-04-02 12:49:44.808	i2b2	\N
i2b2	WreHcqYvitBp96ZkFpsU	2013-04-02 13:19:44.827	\N	2013-04-02 12:49:44.827	i2b2	\N
i2b2	F2aBWy2q43kOcumO47SG	2013-04-02 13:19:44.838	\N	2013-04-02 12:49:44.838	i2b2	\N
i2b2	OV2EhT1jieJ69k4mubAC	2013-04-02 13:19:44.967	\N	2013-04-02 12:49:44.967	i2b2	\N
i2b2	8ZONZaWCH6MNcjxwro81	2013-04-02 13:19:45.144	\N	2013-04-02 12:49:45.144	i2b2	\N
i2b2	1Z13W8mFDXL1zlenJBxQ	2013-04-02 13:19:45.188	\N	2013-04-02 12:49:45.188	i2b2	\N
i2b2	HtvjKwC7tfyfiknqov6Z	2013-04-02 13:19:45.204	\N	2013-04-02 12:49:45.204	i2b2	\N
i2b2	3pMlpX1lFg1KHR9ANxbU	2013-04-02 13:19:45.26	\N	2013-04-02 12:49:45.26	i2b2	\N
i2b2	bX8vwva668FZnnsjyt7a	2013-04-02 13:19:45.752	\N	2013-04-02 12:49:45.752	i2b2	\N
i2b2	SfWEIj75RGh0e2ewwY8e	2013-04-02 13:19:45.847	\N	2013-04-02 12:49:45.848	i2b2	\N
i2b2	pwDkxnkjxWGPKKPgTtO9	2013-04-02 13:19:45.86	\N	2013-04-02 12:49:45.86	i2b2	\N
i2b2	tyJLKk8q5I5pCod2L2GI	2013-04-02 13:19:45.861	\N	2013-04-02 12:49:45.861	i2b2	\N
i2b2	SA204ylJZjMKgLAFiKt4	2013-04-02 13:19:46.041	\N	2013-04-02 12:49:46.041	i2b2	\N
i2b2	t8GiIquwEg43bdGGniMo	2013-04-02 13:19:46.157	\N	2013-04-02 12:49:46.157	i2b2	\N
i2b2	Zmh3kG4I4tJVlrGTNonR	2013-04-02 13:19:46.182	\N	2013-04-02 12:49:46.182	i2b2	\N
i2b2	a9b3L5nuxgWZTyJwswHB	2013-04-02 13:19:46.195	\N	2013-04-02 12:49:46.195	i2b2	\N
i2b2	cc73nLRmGma1JfWXflr3	2013-04-02 13:19:46.316	\N	2013-04-02 12:49:46.316	i2b2	\N
i2b2	5t4mJdLelJdl7BrEVmnC	2013-04-02 13:19:46.43	\N	2013-04-02 12:49:46.431	i2b2	\N
i2b2	w7XQNJlDuFnPa58oU8UF	2013-04-02 13:19:46.486	\N	2013-04-02 12:49:46.486	i2b2	\N
i2b2	cyC8UunJMsvTgpAJwpli	2013-04-02 13:19:46.535	\N	2013-04-02 12:49:46.535	i2b2	\N
i2b2	wN4w2fhJrXOxM2W6hOiD	2013-04-02 13:19:46.597	\N	2013-04-02 12:49:46.597	i2b2	\N
i2b2	MbCZPh3zwSSViFJjgpXx	2013-04-02 13:19:46.715	\N	2013-04-02 12:49:46.715	i2b2	\N
i2b2	ASd5QxmlUxAlKNYktSX0	2013-04-02 13:19:46.825	\N	2013-04-02 12:49:46.825	i2b2	\N
i2b2	uFtucyAt6J5QWnDqL9CT	2013-04-02 13:19:46.859	\N	2013-04-02 12:49:46.859	i2b2	\N
i2b2	l4imNW8kbTTNWGnLi6Lr	2013-04-02 13:19:47.011	\N	2013-04-02 12:49:47.011	i2b2	\N
i2b2	sWDK4k3HwPnTP3Upkjam	2013-04-02 13:19:47.525	\N	2013-04-02 12:49:47.525	i2b2	\N
i2b2	VQME7Pft8LpYCjlkGAry	2013-04-02 13:19:47.556	\N	2013-04-02 12:49:47.556	i2b2	\N
i2b2	KkrJqBEwCdd8v0n8eX65	2013-04-02 13:19:47.63	\N	2013-04-02 12:49:47.63	i2b2	\N
i2b2	3IJkvEFWFTdr9cPmIZex	2013-04-02 13:19:47.94	\N	2013-04-02 12:49:47.94	i2b2	\N
i2b2	GONOxHuDEtgoqWlfVhfc	2013-04-02 13:19:47.94	\N	2013-04-02 12:49:47.94	i2b2	\N
i2b2	mH3cmqKdCpPA1G9GkXLl	2013-04-02 13:19:59.459	\N	2013-04-02 12:49:59.459	i2b2	\N
i2b2	Fp2ibPa1aoAsbDKmn7te	2013-04-02 13:19:59.64	\N	2013-04-02 12:49:59.64	i2b2	\N
i2b2	TiQZWYAHrgo022wjQqOn	2013-04-02 13:19:59.82	\N	2013-04-02 12:49:59.82	i2b2	\N
i2b2	YP7qc8pty0Yj8XtnKefi	2013-04-02 13:19:59.99	\N	2013-04-02 12:49:59.99	i2b2	\N
i2b2	vSTIi3ufWzwGgaxQOEqF	2013-04-02 13:20:00.165	\N	2013-04-02 12:50:00.165	i2b2	\N
i2b2	S0r8hX1Z7SFSGt86ksFW	2013-04-02 13:20:00.341	\N	2013-04-02 12:50:00.341	i2b2	\N
i2b2	LmWPNnp4gk0wuAwtECqS	2013-04-02 13:20:00.517	\N	2013-04-02 12:50:00.517	i2b2	\N
i2b2	OMpk1mV4UOH7pptkthJr	2013-04-02 13:20:00.699	\N	2013-04-02 12:50:00.699	i2b2	\N
i2b2	iSafdeoDGUWXfT7OBqP3	2013-04-02 13:20:01.341	\N	2013-04-02 12:50:01.341	i2b2	\N
i2b2	3v4QCZ2EEWyXda2cxoqT	2013-04-02 13:20:01.518	\N	2013-04-02 12:50:01.518	i2b2	\N
i2b2	8vQCfcjfyQnxQahVkeZA	2013-04-02 13:20:01.691	\N	2013-04-02 12:50:01.691	i2b2	\N
i2b2	RdlanFR7ls3m3prJ1yfP	2013-04-02 13:20:08.775	\N	2013-04-02 12:50:08.775	i2b2	\N
i2b2	HtdaBYAEeZGeFKCK73jQ	2013-04-02 13:20:08.939	\N	2013-04-02 12:50:08.939	i2b2	\N
i2b2	JDZnILt8s9ratkSlCUtu	2013-04-02 13:20:09.425	\N	2013-04-02 12:50:09.425	i2b2	\N
i2b2	C2Tqs7GFd8F0nlUC2cID	2013-04-02 13:20:09.596	\N	2013-04-02 12:50:09.597	i2b2	\N
i2b2	EBO9RpsbUG9HqaifqbrH	2013-04-02 13:20:09.769	\N	2013-04-02 12:50:09.769	i2b2	\N
i2b2	JSRiIFkeHTubMmVIMqK8	2013-04-02 13:20:09.944	\N	2013-04-02 12:50:09.944	i2b2	\N
i2b2	e4dox4dRGHaT2aZRG4Zc	2013-04-02 13:20:10.119	\N	2013-04-02 12:50:10.119	i2b2	\N
i2b2	vSq76HmG8BJ41AG3KmDM	2013-04-02 13:20:10.293	\N	2013-04-02 12:50:10.293	i2b2	\N
i2b2	tsVQCgREf0anWJfh0huL	2013-04-02 13:20:10.466	\N	2013-04-02 12:50:10.466	i2b2	\N
i2b2	4ZoNWMdz1oZg6f6UPp6H	2013-04-02 13:20:10.638	\N	2013-04-02 12:50:10.638	i2b2	\N
i2b2	QF6vEVz5i5O5ZFSe5RLR	2013-04-02 13:20:10.808	\N	2013-04-02 12:50:10.808	i2b2	\N
i2b2	FbZ29GAUbER3TomO4dPT	2013-04-02 13:48:16.356	\N	2013-04-02 13:18:16.356	i2b2	\N
i2b2	nplWeyYD6Rdd210A1ltD	2013-04-02 13:48:16.554	\N	2013-04-02 13:18:16.554	i2b2	\N
i2b2	tV5KDco2O9DdsDrXbstD	2013-04-02 13:48:16.748	\N	2013-04-02 13:18:16.748	i2b2	\N
i2b2	7DPnpfCpVwO7qb1psrdG	2013-04-02 13:48:17.121	\N	2013-04-02 13:18:17.121	i2b2	\N
i2b2	a7l6xsgXta0Ff0uB3IBZ	2013-04-02 14:46:10.582	\N	2013-04-02 14:16:10.582	i2b2	\N
i2b2	EmIrnfLXZJdD6PevY9ub	2013-04-02 14:46:10.765	\N	2013-04-02 14:16:10.765	i2b2	\N
i2b2	99NR7i4hU8nGetBsxaAg	2013-04-02 14:46:13.089	\N	2013-04-02 14:16:13.089	i2b2	\N
i2b2	Vm2byICOl3RU1BFM37ey	2013-04-02 14:46:16.783	\N	2013-04-02 14:16:16.783	i2b2	\N
i2b2	FDi8Q6uDlSxkXwl36Cmu	2013-04-02 14:46:16.969	\N	2013-04-02 14:16:16.969	i2b2	\N
i2b2	wXUMhZLjPHZHLk84g4PM	2013-04-02 14:46:17.156	\N	2013-04-02 14:16:17.156	i2b2	\N
i2b2	jwRKoBrg8m86TWjJVWRq	2013-04-02 14:46:17.537	\N	2013-04-02 14:16:17.537	i2b2	\N
i2b2	eZ1sNOOw7jWGf0Kq66rJ	2013-04-02 15:09:22.305	\N	2013-04-02 14:39:22.305	i2b2	\N
i2b2	ErGXZCdMYLuA8WMFpVIX	2013-04-02 15:09:22.619	\N	2013-04-02 14:39:22.619	i2b2	\N
i2b2	hqUapmOs1mqFbJXuPE7R	2013-04-02 15:09:26.975	\N	2013-04-02 14:39:26.975	i2b2	\N
i2b2	2I71YREsP2J4h3Y6dtEW	2013-04-02 15:09:27.183	\N	2013-04-02 14:39:27.183	i2b2	\N
i2b2	i5ynpcODXoaPWUKaV8fZ	2013-04-02 15:09:29.702	\N	2013-04-02 14:39:29.702	i2b2	\N
i2b2	csoGmKBg8TkeCgEhu692	2013-04-02 15:09:32.731	\N	2013-04-02 14:39:32.731	i2b2	\N
i2b2	kkoKlYZBcXrKj1lX3Ofx	2013-04-02 15:09:36.728	\N	2013-04-02 14:39:36.728	i2b2	\N
i2b2	JCy3VSLE1SPPL7X9A6mV	2013-04-02 15:09:36.922	\N	2013-04-02 14:39:36.922	i2b2	\N
i2b2	Hft7HnaWEU53jQe8iaQp	2013-04-02 15:09:37.106	\N	2013-04-02 14:39:37.106	i2b2	\N
i2b2	528TwRoPG9iO0RZoWA2c	2013-04-02 15:09:37.545	\N	2013-04-02 14:39:37.545	i2b2	\N
i2b2	pU3F5C19Rk7kuvg40kSc	2013-04-02 15:10:17.068	\N	2013-04-02 14:40:17.069	i2b2	\N
i2b2	mDEwU1NY0cPJVguRlLLs	2013-04-02 15:10:17.424	\N	2013-04-02 14:40:17.424	i2b2	\N
i2b2	zRv0jtgmZXSoMx5QqeDU	2013-04-02 15:10:21.35	\N	2013-04-02 14:40:21.35	i2b2	\N
i2b2	BHcL7HsVvMUnaZrQLvsu	2013-04-02 15:10:22.74	\N	2013-04-02 14:40:22.74	i2b2	\N
i2b2	8xTQEc6jvsvvxRctr4XR	2013-04-02 15:10:30.992	\N	2013-04-02 14:40:30.992	i2b2	\N
i2b2	ghh9OQnyEOCSxpwOO4Mg	2013-04-02 15:10:31.157	\N	2013-04-02 14:40:31.157	i2b2	\N
i2b2	iF6YXVOVGbj3GROhyYkt	2013-04-02 15:10:31.332	\N	2013-04-02 14:40:31.332	i2b2	\N
i2b2	aqCfDuJK8pLknk0EnqXl	2013-04-02 15:10:31.507	\N	2013-04-02 14:40:31.507	i2b2	\N
i2b2	wCMIjUAvuzn7QLpisXVA	2013-04-02 15:10:31.681	\N	2013-04-02 14:40:31.681	i2b2	\N
i2b2	ossEiOb5Do95aeLZlL1E	2013-04-02 15:10:32.178	\N	2013-04-02 14:40:32.178	i2b2	\N
i2b2	BkDMqDtpwLvE4i9uUB3M	2013-04-02 15:10:42.595	\N	2013-04-02 14:40:42.595	i2b2	\N
i2b2	THdmQACTxnEqNMXjXbZ4	2013-04-02 15:10:42.826	\N	2013-04-02 14:40:42.826	i2b2	\N
i2b2	mALyrpY7bQ4GxJ31Upc0	2013-04-02 15:10:47.631	\N	2013-04-02 14:40:47.631	i2b2	\N
i2b2	YeRg6R23MdgtjxRuIpFk	2013-04-02 15:10:49.181	\N	2013-04-02 14:40:49.181	i2b2	\N
i2b2	nGSbUZb6o3lvP9oomlyj	2013-04-02 15:10:51.863	\N	2013-04-02 14:40:51.863	i2b2	\N
i2b2	xKkYpxWrEILYRs4dHXEd	2013-04-02 15:10:53.659	\N	2013-04-02 14:40:53.659	i2b2	\N
i2b2	jSSIaQWMpoqTU18Yp6A3	2013-04-02 15:11:00.698	\N	2013-04-02 14:41:00.698	i2b2	\N
i2b2	yvsZTQb7QYNA5d8TsRNS	2013-04-02 15:11:01.031	\N	2013-04-02 14:41:01.031	i2b2	\N
i2b2	dY0f2kHWDIMmfjtLcJll	2013-04-02 15:11:01.211	\N	2013-04-02 14:41:01.211	i2b2	\N
i2b2	rGVsHqNe1iesa1EAYsnA	2013-04-02 15:11:01.223	\N	2013-04-02 14:41:01.223	i2b2	\N
i2b2	pMEj9jMRFMFG9nK8eY0t	2013-04-02 15:11:01.407	\N	2013-04-02 14:41:01.407	i2b2	\N
i2b2	RKROwoNtfObhYkMRZIiN	2013-04-02 15:11:01.539	\N	2013-04-02 14:41:01.539	i2b2	\N
i2b2	PIYRLqO7i4a68vrFNtat	2013-04-02 15:11:01.776	\N	2013-04-02 14:41:01.776	i2b2	\N
i2b2	U4qwRiSq4wCZkOVcnvTh	2013-04-02 15:11:01.916	\N	2013-04-02 14:41:01.916	i2b2	\N
i2b2	GbQZewpJjNwXnQdQpTjS	2013-04-02 15:17:11.716	\N	2013-04-02 14:47:11.716	i2b2	\N
i2b2	CGiqSUXsom4JMtsvu0hq	2013-04-02 15:17:21.626	\N	2013-04-02 14:47:21.626	i2b2	\N
i2b2	rIG8OUwlsFzxbY87ZE8a	2013-04-02 15:17:21.819	\N	2013-04-02 14:47:21.819	i2b2	\N
i2b2	E4LY3X591wHXUN8I1Dz6	2013-04-02 15:17:21.996	\N	2013-04-02 14:47:21.996	i2b2	\N
i2b2	ZhDeGZImQl7r2Ieq7fnj	2013-04-02 15:17:22.344	\N	2013-04-02 14:47:22.344	i2b2	\N
i2b2	3qQttTct2c8VxnQtMTTV	2013-04-02 15:18:25.895	\N	2013-04-02 14:48:25.895	i2b2	\N
i2b2	tm9miSsObSoQkiTvxXQv	2013-04-02 15:18:25.895	\N	2013-04-02 14:48:25.895	i2b2	\N
i2b2	E7nH2B7q5m5N06juygGg	2013-04-02 15:18:26.113	\N	2013-04-02 14:48:26.113	i2b2	\N
i2b2	1dODeieQsde6cRPYb3FW	2013-04-02 15:18:26.122	\N	2013-04-02 14:48:26.122	i2b2	\N
i2b2	ARfUq1tNRLiTYENKYLkm	2013-04-02 15:18:26.652	\N	2013-04-02 14:48:26.652	i2b2	\N
i2b2	1mMvig2rHbIFyphJar0p	2013-04-02 15:18:26.657	\N	2013-04-02 14:48:26.657	i2b2	\N
i2b2	gvf6xKv1Xiw6t4yCCNMg	2013-04-02 15:18:27.052	\N	2013-04-02 14:48:27.052	i2b2	\N
i2b2	Ol2PMnEpQISHA6PDa4SS	2013-04-02 15:18:27.052	\N	2013-04-02 14:48:27.052	i2b2	\N
i2b2	CV0QF2Z7rLF3YNSi6ZlG	2013-04-02 15:39:18.928	\N	2013-04-02 15:09:18.928	i2b2	\N
i2b2	bqQuk57QhaynUFAYn8rt	2013-04-02 15:39:19.187	\N	2013-04-02 15:09:19.187	i2b2	\N
i2b2	qHEY2t3Zf0361Uny6LMB	2013-04-02 15:39:22.093	\N	2013-04-02 15:09:22.093	i2b2	\N
i2b2	byp9UNoVgEfuPuThSYLH	2013-04-02 15:39:24.29	\N	2013-04-02 15:09:24.29	i2b2	\N
i2b2	j1Q4TmxlUg1n7nuBfACe	2013-04-02 15:39:31.394	\N	2013-04-02 15:09:31.394	i2b2	\N
i2b2	Rr2QcGSOIIYwMxFUCewf	2013-04-02 15:39:33.168	\N	2013-04-02 15:09:33.169	i2b2	\N
i2b2	B3b8Q5IT5pWKBHGjK5QR	2013-04-02 15:39:38.037	\N	2013-04-02 15:09:38.037	i2b2	\N
i2b2	QQm3wccc1oblSRmGdQbu	2013-04-02 15:39:39.701	\N	2013-04-02 15:09:39.701	i2b2	\N
i2b2	q4xlIQH2Tb7hQJEnbX9A	2013-04-02 15:39:42.85	\N	2013-04-02 15:09:42.85	i2b2	\N
i2b2	8jHVnjHOK8xN8CS0wlE3	2013-04-02 15:39:51.33	\N	2013-04-02 15:09:51.33	i2b2	\N
i2b2	rFmDjh7aii3zeWa4CVUJ	2013-04-02 15:39:51.33	\N	2013-04-02 15:09:51.33	i2b2	\N
i2b2	4DVH6vusaoaryFDccpzj	2013-04-02 15:39:51.583	\N	2013-04-02 15:09:51.583	i2b2	\N
i2b2	4jzPaULbDAxkWFVLsFuy	2013-04-02 15:39:51.59	\N	2013-04-02 15:09:51.59	i2b2	\N
i2b2	L3gRlqWtHX1VnNsc5Cuc	2013-04-02 15:39:52.143	\N	2013-04-02 15:09:52.143	i2b2	\N
i2b2	2TTZuun1gizWQbE7E62A	2013-04-02 15:39:52.154	\N	2013-04-02 15:09:52.154	i2b2	\N
i2b2	EUSlwWtqOlqjpisv18hD	2013-04-02 15:39:52.361	\N	2013-04-02 15:09:52.361	i2b2	\N
i2b2	OE9FLalWAQaAWSQnv64D	2013-04-02 15:39:52.367	\N	2013-04-02 15:09:52.367	i2b2	\N
i2b2	4nubtAuKzpCaF9HUBh18	2013-04-02 15:39:52.589	\N	2013-04-02 15:09:52.589	i2b2	\N
i2b2	m6RFm0Jiap9QMIS3gr57	2013-04-02 15:39:52.594	\N	2013-04-02 15:09:52.594	i2b2	\N
i2b2	tPuxQdhmCjIaTiMyAXV6	2013-04-02 15:39:53.196	\N	2013-04-02 15:09:53.196	i2b2	\N
i2b2	kexUgKxumH3enUJA8Z7e	2013-04-02 15:39:53.196	\N	2013-04-02 15:09:53.196	i2b2	\N
i2b2	BqIklKhzbYfd8GEmlouq	2013-04-02 16:05:45.854	\N	2013-04-02 15:35:45.854	i2b2	\N
i2b2	H6vfQACgNHu3qgZGmSch	2013-04-02 16:05:49.081	\N	2013-04-02 15:35:49.081	i2b2	\N
i2b2	cuFNzJ6xbhUqObMuXTz7	2013-04-02 16:05:50.171	\N	2013-04-02 15:35:50.171	i2b2	\N
i2b2	flrpGKEoydbY7eKOjdN7	2013-04-02 16:05:50.371	\N	2013-04-02 15:35:50.371	i2b2	\N
i2b2	NSQD3L1RsNrrU5nAVHwu	2013-04-02 16:05:50.546	\N	2013-04-02 15:35:50.546	i2b2	\N
i2b2	evkhTVsymudG3CpYxuvK	2013-04-02 16:05:50.901	\N	2013-04-02 15:35:50.901	i2b2	\N
i2b2	fWNYRD5vrsnVJPgcxQcW	2013-04-02 16:11:04.447	\N	2013-04-02 15:41:04.447	i2b2	\N
i2b2	9UzKPugr86i5drtsYsIn	2013-04-02 16:11:04.624	\N	2013-04-02 15:41:04.624	i2b2	\N
i2b2	Hxoi7ZHz5vUYDPZ5PJPr	2013-04-02 16:11:04.8	\N	2013-04-02 15:41:04.8	i2b2	\N
i2b2	p7oo4HfxGQRsFeAm7FmT	2013-04-02 16:11:05.434	\N	2013-04-02 15:41:05.434	i2b2	\N
i2b2	8t5R5P0lINV8nurZqDIs	2013-04-02 16:11:23.057	\N	2013-04-02 15:41:23.057	i2b2	\N
i2b2	jQ0HlDQRsCJCwwan2Dir	2013-04-02 16:11:23.214	\N	2013-04-02 15:41:23.214	i2b2	\N
i2b2	ujmeTUXmAZXyTGcNq9gX	2013-04-02 16:11:23.71	\N	2013-04-02 15:41:23.71	i2b2	\N
i2b2	VqONf3yMYuyviYlyrbMw	2013-04-02 16:11:23.889	\N	2013-04-02 15:41:23.89	i2b2	\N
i2b2	BUV7PdAwHJVah4vyV0tE	2013-04-02 16:11:24.066	\N	2013-04-02 15:41:24.066	i2b2	\N
i2b2	hBK2DyhyXKGiBRl54vPb	2013-04-02 16:11:24.56	\N	2013-04-02 15:41:24.56	i2b2	\N
i2b2	YS3bKyq82XYMohJakL6j	2013-04-02 16:11:36.16	\N	2013-04-02 15:41:36.16	i2b2	\N
i2b2	5qIXIqyAA8PegGx1p7nE	2013-04-02 16:11:36.16	\N	2013-04-02 15:41:36.16	i2b2	\N
i2b2	GuY7Zgb6U4wCg4L8ONlY	2013-04-02 16:11:36.37	\N	2013-04-02 15:41:36.37	i2b2	\N
i2b2	aIm3BpWZSuqoB41FENz3	2013-04-02 16:11:36.371	\N	2013-04-02 15:41:36.371	i2b2	\N
i2b2	6pXEPSfIhZoIIPedYRUK	2013-04-02 16:11:36.595	\N	2013-04-02 15:41:36.595	i2b2	\N
i2b2	vyxcKqYeOYkAJI1y656P	2013-04-02 16:11:36.603	\N	2013-04-02 15:41:36.603	i2b2	\N
i2b2	jOcnx51aIcp4y7DiAKsj	2013-04-02 16:11:37	\N	2013-04-02 15:41:37	i2b2	\N
i2b2	zmgHNGRfWITUKpMFDi3a	2013-04-02 16:11:37.002	\N	2013-04-02 15:41:37.002	i2b2	\N
i2b2	auB6bNtkCYfYek3SVcYb	2013-04-02 16:37:17.961	\N	2013-04-02 16:07:17.961	i2b2	\N
i2b2	cENXfFnLDbDIrUUrnN8B	2013-04-02 16:37:21.673	\N	2013-04-02 16:07:21.673	i2b2	\N
i2b2	DwDiK87DeTbIAVVYend1	2013-04-02 16:37:21.673	\N	2013-04-02 16:07:21.673	i2b2	\N
i2b2	tgGkW66BE9ywS9A5RFlG	2013-04-02 16:37:22.233	\N	2013-04-02 16:07:22.233	i2b2	\N
i2b2	IqAwoSF4HsGYZMDVj2NX	2013-04-02 16:37:22.24	\N	2013-04-02 16:07:22.24	i2b2	\N
i2b2	4mWNaj4QPZpNB7Rc3xxK	2013-04-02 16:37:22.458	\N	2013-04-02 16:07:22.459	i2b2	\N
i2b2	8orweZPQOHWCehy77sIA	2013-04-02 16:37:22.47	\N	2013-04-02 16:07:22.47	i2b2	\N
i2b2	NDGRxajqMuPseqYOltWK	2013-04-02 16:37:22.676	\N	2013-04-02 16:07:22.676	i2b2	\N
i2b2	XxzniLURnpaVg5Mu8hf1	2013-04-02 16:37:22.688	\N	2013-04-02 16:07:22.688	i2b2	\N
i2b2	6pqgC5L0uqIQ868OT4Jg	2013-04-02 16:37:22.904	\N	2013-04-02 16:07:22.904	i2b2	\N
i2b2	sGYYGgPSU3tCPBq06u1j	2013-04-02 16:37:22.913	\N	2013-04-02 16:07:22.913	i2b2	\N
i2b2	f5SRr6oDftyekIGClbE9	2013-04-02 16:37:23.127	\N	2013-04-02 16:07:23.127	i2b2	\N
i2b2	EbqDQyO6rKWklfduEkGo	2013-04-02 16:37:23.135	\N	2013-04-02 16:07:23.135	i2b2	\N
i2b2	LKMtvvmFEfTGQcqBkQXg	2013-04-02 16:37:23.355	\N	2013-04-02 16:07:23.355	i2b2	\N
i2b2	H3CoFZtrC47g3ZimNqkX	2013-04-02 16:37:23.362	\N	2013-04-02 16:07:23.362	i2b2	\N
i2b2	A3Q95y3sNNfLLYQAaNhs	2013-04-02 16:37:23.586	\N	2013-04-02 16:07:23.586	i2b2	\N
i2b2	Hu8FyuNUcxW9XtOjuxln	2013-04-02 16:37:23.588	\N	2013-04-02 16:07:23.588	i2b2	\N
i2b2	JeMYV1O90xf9h7u0n06L	2013-04-02 16:37:23.815	\N	2013-04-02 16:07:23.815	i2b2	\N
i2b2	iGFD9azTNekWEcDwJbh3	2013-04-02 16:37:23.814	\N	2013-04-02 16:07:23.815	i2b2	\N
i2b2	e2qu57yAI8w8eVpr90Pj	2013-04-02 16:37:24.368	\N	2013-04-02 16:07:24.368	i2b2	\N
i2b2	HBseyf6rxud48VvKTz2A	2013-04-02 16:37:25.065	\N	2013-04-02 16:07:25.065	i2b2	\N
i2b2	asn4bpFjgbBf3VBVemLC	2013-04-02 16:37:25.304	\N	2013-04-02 16:07:25.304	i2b2	\N
i2b2	fB4AVERPS5o4ZmaWlvRe	2013-04-02 16:37:25.567	\N	2013-04-02 16:07:25.567	i2b2	\N
i2b2	DZMPSegcgwSgVFuhpdlV	2013-04-02 16:37:25.805	\N	2013-04-02 16:07:25.805	i2b2	\N
i2b2	FkTMkLS5HZAgZNoOrCWL	2013-04-02 16:37:26.046	\N	2013-04-02 16:07:26.046	i2b2	\N
i2b2	PPDsmtd1pOQADpt54un4	2013-04-02 16:37:24.368	\N	2013-04-02 16:07:24.368	i2b2	\N
i2b2	DuonQPRmQXxcL5mD2JMM	2013-04-02 16:37:24.597	\N	2013-04-02 16:07:24.597	i2b2	\N
i2b2	dqfsRXUUbJ31uTRrmvCW	2013-04-02 16:37:24.833	\N	2013-04-02 16:07:24.833	i2b2	\N
i2b2	ZTAJFjvfeojinSIeB4vK	2013-04-02 16:37:25.805	\N	2013-04-02 16:07:25.805	i2b2	\N
i2b2	buqCd5AcA4zwCUH6Ph2N	2013-04-02 16:37:26.046	\N	2013-04-02 16:07:26.046	i2b2	\N
i2b2	nRuo3W1Yq2THiTCBvt8Q	2013-04-02 16:37:24.597	\N	2013-04-02 16:07:24.597	i2b2	\N
i2b2	0usVGUO2rNZR38c8ul8g	2013-04-02 16:37:24.833	\N	2013-04-02 16:07:24.833	i2b2	\N
i2b2	PXOpC3cM3wOdLQ2cO69g	2013-04-02 16:37:25.065	\N	2013-04-02 16:07:25.065	i2b2	\N
i2b2	KhvCG5emIe33j6GKN2rq	2013-04-02 16:37:25.304	\N	2013-04-02 16:07:25.304	i2b2	\N
i2b2	GqqfGkHVLYLsEi8xDunV	2013-04-02 16:37:25.567	\N	2013-04-02 16:07:25.567	i2b2	\N
i2b2	gGYN3x27VU7GDStFsK7U	2013-04-03 10:29:03.108	\N	2013-04-03 09:59:03.108	i2b2	\N
i2b2	RwVPBog8H2bZA5Z9XA3y	2013-04-03 10:29:04.24	\N	2013-04-03 09:59:04.24	i2b2	\N
i2b2	t4oG6oA16XVDE86R1SRR	2013-04-17 13:12:33.749	\N	2013-04-17 12:42:33.749	i2b2	\N
i2b2	h2GuqhFwx3dZKTbUdxIf	2013-04-17 13:12:34.659	\N	2013-04-17 12:42:34.659	i2b2	\N
i2b2	uascGE1xH0Qmi2JlAKaD	2013-04-17 13:12:37.301	\N	2013-04-17 12:42:37.301	i2b2	\N
i2b2	t56divyhn1VcQ4BLLJBq	2013-04-17 13:12:41.601	\N	2013-04-17 12:42:41.601	i2b2	\N
i2b2	U52ye3vUIoWFNuk9BcYM	2013-04-17 13:12:53.043	\N	2013-04-17 12:42:53.043	i2b2	\N
i2b2	nsfRC689qTlMUFMmi4oG	2013-04-17 13:13:00.967	\N	2013-04-17 12:43:00.967	i2b2	\N
i2b2	tXeYw991qtMXoWApkusX	2013-04-17 13:13:02.354	\N	2013-04-17 12:43:02.354	i2b2	\N
i2b2	A3AQYoauZsCoVIqHvIDC	2013-04-17 13:13:05.956	\N	2013-04-17 12:43:05.956	i2b2	\N
i2b2	gJ9Y8cFadttZLJJH5eoi	2013-04-17 13:13:06.548	\N	2013-04-17 12:43:06.548	i2b2	\N
i2b2	fWZBIzPlQkGlhepe7tm7	2013-04-17 13:13:06.757	\N	2013-04-17 12:43:06.757	i2b2	\N
i2b2	9iuExP2idaGdnYTdAtRy	2013-04-17 13:13:06.942	\N	2013-04-17 12:43:06.942	i2b2	\N
i2b2	JeeovoAeni6868l3GBMU	2013-04-17 13:13:07.121	\N	2013-04-17 12:43:07.121	i2b2	\N
i2b2	mabvikMawkslPcV7iv7J	2013-04-17 13:13:07.553	\N	2013-04-17 12:43:07.553	i2b2	\N
i2b2	jfsTN7NEGIgw4PsRgSMu	2013-04-17 16:03:42.694	\N	2013-04-17 15:33:42.694	i2b2	\N
i2b2	wW4fyP197n3g3oxvmP6g	2013-04-17 16:03:43.401	\N	2013-04-17 15:33:43.401	i2b2	\N
i2b2	tuHiVvYdjGhC78N4mOuQ	2013-04-17 16:03:53.86	\N	2013-04-17 15:33:53.86	i2b2	\N
i2b2	SPgtEbj6B4Lt32CJKH7J	2013-04-17 16:03:58.375	\N	2013-04-17 15:33:58.375	i2b2	\N
i2b2	KNQ7FK2xQJTBndPx5yRa	2013-04-17 16:04:03.216	\N	2013-04-17 15:34:03.216	i2b2	\N
i2b2	vM4OrQr39OPwynLfGnxB	2013-04-17 16:04:05.17	\N	2013-04-17 15:34:05.17	i2b2	\N
i2b2	6E8e6moB7XcaC9CcWK3u	2013-04-17 16:04:18.176	\N	2013-04-17 15:34:18.176	i2b2	\N
i2b2	SJoEqfMtEXboqFXlb8lz	2013-04-17 16:04:18.42	\N	2013-04-17 15:34:18.42	i2b2	\N
i2b2	cC3lNl4jQPxMRr3XtuRX	2013-04-17 16:04:18.595	\N	2013-04-17 15:34:18.595	i2b2	\N
i2b2	rlW2yxyqMqZnMtmLCxBs	2013-04-17 16:04:18.914	\N	2013-04-17 15:34:18.914	i2b2	\N
i2b2	TD1MjSVfFnfYBq31i8kP	2013-04-17 16:05:34.881	\N	2013-04-17 15:35:34.881	i2b2	\N
i2b2	5lbjApvNb3TvOMzzM9Vo	2013-04-17 16:05:35.437	\N	2013-04-17 15:35:35.437	i2b2	\N
i2b2	wOPunY3GQUkjtKmY4IiX	2013-04-17 16:05:37.593	\N	2013-04-17 15:35:37.593	i2b2	\N
i2b2	OeKFfRJYjAYIXGswAPGB	2013-04-17 16:05:40.288	\N	2013-04-17 15:35:40.288	i2b2	\N
i2b2	5cmVzFC9BN5lGnDJDqaW	2013-04-17 16:05:41.857	\N	2013-04-17 15:35:41.857	i2b2	\N
i2b2	WSdYCQRAKdv3VePcYieL	2013-04-17 16:05:47.84	\N	2013-04-17 15:35:47.84	i2b2	\N
i2b2	ihO4PC3CytGt1njg22fH	2013-04-17 16:05:48.049	\N	2013-04-17 15:35:48.049	i2b2	\N
i2b2	etZLOLSQqisGIKeOAlYp	2013-04-17 16:05:48.219	\N	2013-04-17 15:35:48.22	i2b2	\N
i2b2	qdYRw3dSC9gZwV1cSuHe	2013-04-17 16:05:48.482	\N	2013-04-17 15:35:48.482	i2b2	\N
i2b2	rgDEME13XOVCJILD6TFh	2013-04-17 16:06:28.263	\N	2013-04-17 15:36:28.263	i2b2	\N
i2b2	7CWRxwRe2wgmfDHxH5Rl	2013-04-17 16:06:30.149	\N	2013-04-17 15:36:30.149	i2b2	\N
i2b2	sM7pOt03WQdqGpmcCSoc	2013-04-17 16:06:32.153	\N	2013-04-17 15:36:32.153	i2b2	\N
i2b2	bmKqBQFpBkyKEQ7S6Uqr	2013-04-17 16:06:37.681	\N	2013-04-17 15:36:37.681	i2b2	\N
i2b2	Ab5XpwnxRIjoFZFWAGCH	2013-04-17 16:06:37.872	\N	2013-04-17 15:36:37.872	i2b2	\N
i2b2	XRpIzZXKx9Dr09yLhGge	2013-04-17 16:06:38.031	\N	2013-04-17 15:36:38.031	i2b2	\N
i2b2	gOG7CivhEHr2rIAJ8seh	2013-04-17 16:06:38.333	\N	2013-04-17 15:36:38.333	i2b2	\N
i2b2	CbNHgwMyH8IMWYJiCypB	2013-04-17 16:13:53.102	\N	2013-04-17 15:43:53.102	i2b2	\N
i2b2	MufoMZiB9ujDGfswnZNC	2013-04-17 16:13:53.328	\N	2013-04-17 15:43:53.328	i2b2	\N
i2b2	WCFC2SpatGN5RS7S0mKR	2013-04-17 16:13:53.493	\N	2013-04-17 15:43:53.493	i2b2	\N
i2b2	AFglhekYO0nUDvkxlpbv	2013-04-17 16:13:53.784	\N	2013-04-17 15:43:53.784	i2b2	\N
i2b2	7iWwYI4h3p7YlBPnHsYg	2013-04-17 17:31:30.783	\N	2013-04-17 17:01:30.783	i2b2	\N
i2b2	XoDTmKoaao4oOMtD83gF	2013-04-17 17:31:31.117	\N	2013-04-17 17:01:31.117	i2b2	\N
i2b2	IcDeJq5C3NCJyKjdRzXj	2013-04-17 17:31:33.05	\N	2013-04-17 17:01:33.05	i2b2	\N
i2b2	a7QpH5Kr6vHFlQFUxTEa	2013-04-17 17:31:34.586	\N	2013-04-17 17:01:34.586	i2b2	\N
i2b2	fJRAYlUfK9cdUKVmBo8w	2013-04-17 17:31:38.164	\N	2013-04-17 17:01:38.164	i2b2	\N
i2b2	OoEPkhk6bC7oM2fkZ3go	2013-04-17 17:31:38.415	\N	2013-04-17 17:01:38.415	i2b2	\N
i2b2	QCAPMsqgWR7yyxLxP38r	2013-04-17 17:31:38.573	\N	2013-04-17 17:01:38.573	i2b2	\N
i2b2	KUeolli2nwKrM5thjiFT	2013-04-17 17:31:38.854	\N	2013-04-17 17:01:38.854	i2b2	\N
i2b2	9kuwE6Y3Lsh0SvZ6cDnt	2013-04-17 17:44:48.517	\N	2013-04-17 17:14:48.517	i2b2	\N
i2b2	3fkNux9El5UoJWYNBxWF	2013-04-17 17:44:48.998	\N	2013-04-17 17:14:48.998	i2b2	\N
i2b2	c2Sf26AHPem5TBtdPyFL	2013-04-17 17:44:55.38	\N	2013-04-17 17:14:55.38	i2b2	\N
i2b2	g6Wl2xHiPtXKNtVG7Pzr	2013-04-17 17:44:56.761	\N	2013-04-17 17:14:56.761	i2b2	\N
i2b2	VnGwZJUViAjBo8dkASWY	2013-04-17 17:45:15.611	\N	2013-04-17 17:15:15.611	i2b2	\N
i2b2	N9uZw333ZxlZwZnCy78M	2013-04-17 17:45:21.611	\N	2013-04-17 17:15:21.611	i2b2	\N
i2b2	uht5JJ9XQIvywgnMnD4w	2013-04-17 17:45:21.827	\N	2013-04-17 17:15:21.827	i2b2	\N
i2b2	qnwEpBwL4JGLqvpFFNJb	2013-04-17 17:45:21.989	\N	2013-04-17 17:15:21.989	i2b2	\N
i2b2	dsid9KSUUG8cpH9H5bd4	2013-04-17 17:45:22.161	\N	2013-04-17 17:15:22.161	i2b2	\N
i2b2	tdrILucmeDEbZd4059d9	2013-04-17 17:45:22.318	\N	2013-04-17 17:15:22.318	i2b2	\N
i2b2	ch5kSsowW2RnSOFLtqjZ	2013-04-17 17:45:22.683	\N	2013-04-17 17:15:22.683	i2b2	\N
i2b2	KdPM1f9caukoa5BxsaR1	2013-04-17 17:49:06.789	\N	2013-04-17 17:19:06.789	i2b2	\N
i2b2	XCF9gUoY72wYWcbipIfn	2013-04-17 17:49:07.008	\N	2013-04-17 17:19:07.008	i2b2	\N
i2b2	p7j4Rm3Ch2p4UGwTDMCc	2013-04-17 17:49:07.163	\N	2013-04-17 17:19:07.163	i2b2	\N
i2b2	sK1EPmnrxB6h3dwHWPVW	2013-04-17 17:49:07.413	\N	2013-04-17 17:19:07.413	i2b2	\N
i2b2	HybE2RsGQiX7m2jZldUj	2013-04-17 18:20:51.126	\N	2013-04-17 17:50:51.126	i2b2	\N
i2b2	eiFsHUL0sEj3VLo8WzZ1	2013-04-17 18:20:51.471	\N	2013-04-17 17:50:51.471	i2b2	\N
i2b2	kbK9UmSufRZNr1CjokIw	2013-04-17 18:21:02.503	\N	2013-04-17 17:51:02.503	i2b2	\N
i2b2	comxiCliM6r41hO6KylP	2013-04-17 18:21:03.802	\N	2013-04-17 17:51:03.802	i2b2	\N
i2b2	BVrqI8WyGIu7sx4RtoHg	2013-04-17 18:21:05.527	\N	2013-04-17 17:51:05.527	i2b2	\N
i2b2	NlwFSWgyWzsbEfhduGPv	2013-04-17 18:21:06.505	\N	2013-04-17 17:51:06.505	i2b2	\N
i2b2	U2gQxETvI6EzvChFl7dQ	2013-04-17 18:21:17.085	\N	2013-04-17 17:51:17.085	i2b2	\N
i2b2	jnNgck9khf6rZUCaLSjI	2013-04-17 18:21:32.144	\N	2013-04-17 17:51:32.144	i2b2	\N
i2b2	JimgLQ8q4loigw4MgK7B	2013-04-17 18:21:37.689	\N	2013-04-17 17:51:37.689	i2b2	\N
i2b2	WmmEnGahZGsKoaTWhHDJ	2013-04-17 18:21:47.226	\N	2013-04-17 17:51:47.226	i2b2	\N
i2b2	K5KjxJTjWNg4U9QxWGjf	2013-04-17 18:21:58.042	\N	2013-04-17 17:51:58.042	i2b2	\N
i2b2	CT5OlOuZfWHY3xZhShd6	2013-04-17 18:22:06.3	\N	2013-04-17 17:52:06.3	i2b2	\N
i2b2	4Acxrs9YJkboB8o24FTR	2013-04-17 18:22:06.514	\N	2013-04-17 17:52:06.514	i2b2	\N
i2b2	ITGrkPQ2UHDMHnqflk2Y	2013-04-17 18:22:06.682	\N	2013-04-17 17:52:06.682	i2b2	\N
i2b2	vMckC9SOTI8TFcw6oSJF	2013-04-17 18:22:06.946	\N	2013-04-17 17:52:06.946	i2b2	\N
i2b2	YVbpMK504YCuSerQDipc	2013-04-17 18:22:13.871	\N	2013-04-17 17:52:13.871	i2b2	\N
i2b2	SKSoSJQ8O5htbphtzOFU	2013-04-17 18:22:14.038	\N	2013-04-17 17:52:14.038	i2b2	\N
i2b2	onDgXCR9hcCFbioi4kBk	2013-04-17 18:22:14.205	\N	2013-04-17 17:52:14.205	i2b2	\N
i2b2	YPdjlh0tdfFHE2PvUeb3	2013-04-17 18:22:14.457	\N	2013-04-17 17:52:14.457	i2b2	\N
i2b2	m6FXv6nFC93MLZNoXqD6	2013-04-17 18:22:36.08	\N	2013-04-17 17:52:36.08	i2b2	\N
i2b2	wuoPxDrlU2JkmDDMqvVW	2013-04-17 18:22:36.263	\N	2013-04-17 17:52:36.263	i2b2	\N
i2b2	G6QkvVrj9rxZVa2Qmkwj	2013-04-17 18:22:36.419	\N	2013-04-17 17:52:36.419	i2b2	\N
i2b2	5AL2jflAaIotyX9S7YEg	2013-04-17 18:22:36.661	\N	2013-04-17 17:52:36.661	i2b2	\N
i2b2	9dWSKHAPO7QQVx12up6Q	2013-04-17 18:22:39.958	\N	2013-04-17 17:52:39.958	i2b2	\N
i2b2	nAbVeMnuiAqFcANyCt12	2013-04-17 18:22:40.135	\N	2013-04-17 17:52:40.135	i2b2	\N
i2b2	nXOypxOwv72USxkNGaIT	2013-04-17 18:22:40.279	\N	2013-04-17 17:52:40.279	i2b2	\N
i2b2	L9zNHUNIplXhPpjVbZvJ	2013-04-17 18:22:40.434	\N	2013-04-17 17:52:40.434	i2b2	\N
i2b2	E2pc9eYmKaa7MAUZsYRC	2013-04-17 18:22:40.593	\N	2013-04-17 17:52:40.593	i2b2	\N
i2b2	N61UN7NHEnQBPXGmDXOq	2013-04-17 18:22:40.939	\N	2013-04-17 17:52:40.939	i2b2	\N
i2b2	XDr4rhVKDqDbnGgYsQgI	2013-04-17 18:23:09.308	\N	2013-04-17 17:53:09.308	i2b2	\N
i2b2	cvBinjtbPmx5wxa3OT6q	2013-04-17 18:23:09.488	\N	2013-04-17 17:53:09.488	i2b2	\N
i2b2	ODk1U8Cfd6ohBCjtehYC	2013-04-17 18:23:09.642	\N	2013-04-17 17:53:09.643	i2b2	\N
i2b2	DjjohFoxs1Q6UkTVyW5a	2013-04-17 18:23:09.896	\N	2013-04-17 17:53:09.896	i2b2	\N
i2b2	Bj7yy92dYPQZii5L4RyF	2013-04-17 19:01:09.993	\N	2013-04-17 18:31:09.993	i2b2	\N
i2b2	pjjBmcp4S6uvkm2q7pof	2013-04-17 19:01:10.663	\N	2013-04-17 18:31:10.663	i2b2	\N
i2b2	FnmiHvD7rVqPKfsFJEbc	2013-04-17 19:01:12.108	\N	2013-04-17 18:31:12.108	i2b2	\N
i2b2	kMW1s29S6DrBXK6K4vYa	2013-04-17 19:01:13.269	\N	2013-04-17 18:31:13.269	i2b2	\N
i2b2	pkneqIzAZIG4XEOWFY6m	2013-04-17 19:01:14.962	\N	2013-04-17 18:31:14.962	i2b2	\N
i2b2	4Ie7k1LpQaZJqA7ATRDH	2013-04-17 19:01:15.882	\N	2013-04-17 18:31:15.882	i2b2	\N
i2b2	2DyG3P5EafQsnkGLoui6	2013-04-17 19:01:26.268	\N	2013-04-17 18:31:26.268	i2b2	\N
i2b2	ayT2ST4mNTEmdrUV9pdX	2013-04-17 19:01:33.978	\N	2013-04-17 18:31:33.978	i2b2	\N
i2b2	zjU6tOtRukxNjJxdIBEY	2013-04-17 19:01:36.327	\N	2013-04-17 18:31:36.327	i2b2	\N
i2b2	ZlwLqIOlaLIgQNPuNfOI	2013-04-17 19:01:39.827	\N	2013-04-17 18:31:39.827	i2b2	\N
i2b2	lf5zGYDFCu72P2eAkPFH	2013-04-17 19:01:40.036	\N	2013-04-17 18:31:40.036	i2b2	\N
i2b2	XJeJWnnOXSAuw4rGmCt5	2013-04-17 19:01:40.176	\N	2013-04-17 18:31:40.176	i2b2	\N
i2b2	PdSXNDmDI5yCWgApiHPh	2013-04-17 19:01:40.435	\N	2013-04-17 18:31:40.435	i2b2	\N
\.


-- Completed on 2013-07-24 14:55:37 BST

--
-- PostgreSQL database dump complete
--

